player_name,team,age,matches_played,matches_started,minutes_played,own_goals,goals,assists,shots,shots_on_target,shot_distance,free_kicks,penalty_kicks,pass_attempted,pass_completed,pass_distance,pass_final_third,pass_18_yard,crosses_18_yard,pass_before_shot,corner_kicks,chance_created,shot_creation_actions,goal_creation_actions,blocks,interceptions,aerial_battles_won,aerial_battles_lost,touches_defensive_pen,touches_defensive_third,touches_attacking_pen,touches_attacking_third,yellow_card,yellow_card_2nd,red_card,fouls_commited,fouls_drawn,offsides,penalty_won,penalty_conceded
Brenden Aaronson,Leeds United,22,20,19,1596,0,1,0.11,1.53,0.28,19,0.11,0,31,23.2,293,1.75,0.45,0.11,1.75,1.47,1.92,3.62,0.28,3.38,0.06,0.34,1.19,0.4,4.35,2.49,21.5,0.11,0,0,0.62,2.26,0.17,0,0
Che Adams,Southampton,26,21,18,1577,0,4,0.11,2.06,0.74,14.5,0,0,22.2,14.6,206.9,0.97,0.57,0.11,1.2,0,1.31,2.63,0.29,1.02,0.23,2.97,5.03,1.26,2.97,4.74,17.2,0,0,0,1.77,1.03,0.4,0,0
Tyler Adams,Leeds United,23,19,19,1706,0,0,0,0.11,0,29.4,0,0,57.4,47.1,715.1,4.37,0.63,0,1.21,0,1.26,1.84,0.05,3.6900000000000004,1.42,0.89,0.63,1.53,15.4,0.16,11.3,0.26,0.05,0.05,1.74,1.05,0.05,0,0
Tosin Adarabioyo,Fulham,25,14,12,1095,0,1,0,0.33,0.16,16.4,0,0,48.5,38.9,808.6,2.38,0.16,0,0.08,0,0.08,0.41,0,1.64,1.07,2.13,0.41,9.51,31.6,0.25,1.48,0.16,0,0,0.66,0.25,0,0,0
Nayef Aguerd,West Ham,26,6,5,515,0,0,0,0.88,0,8.9,0,0,39.5,30.9,633.2,1.93,0.35,0,0.18,0,0.18,0.18,0,2.4600000000000004,1.05,1.75,1.05,6.32,26,1.05,1.58,0.53,0,0,0.7,0.7,0.18,0,0
Naouirou Ahamada,Crystal Palace,20,2,0,16,0,0,0,5,0,17.3,0,0,70,50,760,10,0,0,0,0,0,5,0,10,0,0,0,0,10,10,15,0,0,0,0,0,5,0,0
Rayan Aït Nouri,Wolves,21,17,9,913,0.1,1,0,0.99,0.5,14.1,0,0,48.4,39.3,605.8,2.38,1.29,0.5,0.69,0.3,0.69,2.18,0,0.4,0.69,1.29,1.39,3.56,19,2.48,21.5,0.3,0,0,1.09,0.69,0.3,0,0.1
Kristoffer Ajer,Brentford,24,9,9,763,0,0,0,0.12,0,6,0,0,40.6,30.5,527.1,2.35,0.35,0.12,0.12,0,0.12,0.47,0,1.42,0.82,1.76,1.29,5.29,21.6,1.06,7.53,0,0,0,0.59,0.94,0,0,0.12
Manuel Akanji,Manchester City,27,15,14,1286,0,0,0.07,0.77,0.14,16.4,0,0,80.9,76.2,1319.8,5.17,0.07,0.07,0.28,0,0.28,1.26,0,2.66,0.77,0.84,1.4,5.17,32.7,1.4,6.43,0.07,0,0,0.91,0.49,0,0,0
Nathan Aké,Manchester City,27,15,13,1156,0,0,0,0.31,0,10.5,0,0,92,84.2,1384.6,7.58,0.39,0,0.39,0,0.47000000000000003,1.17,0.16,2.04,1.02,1.72,1.33,4.53,31.8,1.56,10.2,0,0,0,0.7,0.7,0.08,0,0
Marc Albrighton,Leicester City,33,6,1,237,0,1,0,0.77,0.38,8,0,0,57.3,34.6,556.5,2.31,1.92,0.77,2.31,2.69,2.69,3.08,0,4.62,0.38,0.38,0.38,2.31,12.7,1.92,30.8,0,0,0,0.77,0.77,0.38,0,0
Thiago Alcántara,Liverpool,31,14,14,1154,0,0,0,0.7,0.08,25.2,0,0,76.6,65.8,1187.3,7.42,1.48,0,1.33,0,1.96,3.05,0.16,2.18,1.41,1.09,1.88,3.2,20.1,0.55,13.1,0.16,0,0,1.41,1.95,0,0,0.08
Carlos Alcaraz,Southampton,20,3,1,134,0,1,0,2.67,0.67,20.1,0,0,32.7,24.7,371.3,1.33,0.67,0,0.67,0,0.67,2,0.67,4,0.67,0,1.33,2,9.33,2.67,15.3,0,0,0,1.33,0.67,0,0,0
Trent Alexander-Arnold,Liverpool,24,20,17,1441,0,1,0.06,1.31,0.19,22.5,0.19,0,88.9,64.9,1236.3,7,3.06,1.06,2.25,3.31,2.81,4,0.31,1.5,1.38,0.69,0.44,3.06,22.4,1.69,26.8,0.19,0,0,0.5,0.19,0.19,0,0
Alisson,Liverpool,30,20,20,1800,0,0,0.05,0,0,0,0,0,37.1,31.8,746.6,0.45,0,0,0.05,0,0.05,0.1,0.05,0.2,0,0.2,0.05,30.6,38.5,0,0,0,0,0,0.05,0.05,0,0,0
Dele Alli,Everton,26,2,0,40,0,0,0,0,0,0,0,0,37.5,30,307.5,5,0,0,0,0,0,0,0,0,0,2.5,5,0,2.5,5,27.5,0,0,0,0,2.5,0,0,0
Miguel Almirón,Newcastle Utd,29,22,22,1816,0,10,0.05,2.33,0.74,16.8,0,0,35.5,29.3,401.3,1.78,1.14,0.1,0.84,0.45,0.84,3.07,0.45,2.2800000000000002,0.35,0.2,0.45,0.79,5.05,4.46,27.9,0.05,0,0,0.69,1.29,0.4,0,0
Julián Álvarez,Manchester City,23,16,5,578,0,4,0,2.97,1.25,15.6,0,0,31.3,24.7,310.5,1.72,0.63,0.16,0.94,0,1.25,2.81,0,2.5,0,0.78,1.72,0.47,2.03,5.63,22.8,0,0,0,1.56,0.78,0.16,0,0
Daniel Amartey,Leicester City,28,17,15,1365,0,0,0,0.2,0.13,25.2,0,0,62.8,57.5,996.8,3.42,0.07,0,0.33,0,0.46,0.92,0.07,2.5,0.53,1.91,1.51,10.5,37.1,0.33,2.63,0.07,0,0,0.46,0.2,0,0,0.07
Joachim Andersen,Crystal Palace,26,17,17,1477,0,1,0,0.67,0.3,11,0,0,63.8,50.9,1207.7,4.15,0.24,0,0.24,0.06,0.3,0.61,0.06,2.08,0.98,2.44,1.1,14.3,44,1.22,2.74,0.18,0,0,0.98,0.67,0,0,0
Elliot Anderson,Newcastle Utd,20,10,0,121,0,0,0,3.08,0.77,12,0,0,54.6,41.5,620.8,5.38,0.77,0,2.31,0.77,2.31,6.92,0,6.16,1.54,3.85,1.54,1.54,13.1,16.9,46.2,0,0,0,1.54,5.38,0.77,0,0
Jaidon Anthony,Bournemouth,23,17,7,783,0,3,0,1.95,1.15,19.9,0.23,0,39.5,28.9,424,1.72,1.49,0.57,0.92,1.26,1.1500000000000001,3.1,0.11,3.67,0.57,0.92,1.03,1.26,10,2.76,24,0.11,0,0,0.69,0.69,0.34,0,0
Michail Antonio,West Ham,32,21,11,1051,0,2,0.17,2.05,0.68,13.8,0,0,17.4,9.06,134.4,0.77,0.43,0.09,0.94,0,1.03,2.39,0.51,1.88,0.26,2.05,3.93,0.85,2.39,4.36,14.4,0.09,0,0,1.45,1.97,0.85,0,0
Antony,Manchester Utd,22,12,11,908,0,3,0,3.27,1.39,20.4,0,0,40.9,31.6,401.8,1.39,0.79,0,0.79,0.1,0.89,2.97,0.1,1.58,0.4,0.3,0.79,0.5,8.02,3.47,28.4,0.3,0,0,0.4,1.29,0.2,0,0
Cameron Archer,Aston Villa,21,6,0,49,0,0,0,0,0,0,0,0,24,16,216,4,0,0,0,0,0,0,0,0,0,0,0,0,2,6,14,0,0,0,4,2,2,0,0
Alphonse Areola,West Ham,29,2,0,107,0,0,0,0,0,0,0,0,35,24.2,710,0,0,0,0,0,0,0,0,0,0,0,0,34.2,35.8,0,0,0,0,0,0.83,0,0,0,0.83
Joe Aribo,Southampton,26,19,11,1094,0,2,0,1.07,0.66,10.7,0,0,29,21.1,267.7,1.56,0.74,0,0.74,0,0.74,2.13,0.08,2.13,0.66,2.21,2.95,0.9,6.48,3.69,17.4,0.16,0,0,0.74,0.9,0,0,0
Adam Armstrong,Southampton,26,20,12,1027,0,1,0.09,1.67,0.79,16.8,0,0,22.1,16.2,244.6,0.96,0.79,0.18,0.88,0,0.88,1.58,0.09,2.28,0.26,0.26,1.23,0.61,4.74,3.16,16,0,0,0,0.96,0.61,0.09,0,0
Stuart Armstrong,Southampton,30,18,7,767,0,1,0,1.53,0.35,18.4,0,0,43.2,34.2,538.4,3.06,2.47,0.59,1.41,0,1.5299999999999998,4.24,0,2.12,0.35,0.59,0.59,1.06,9.29,2.35,23.5,0.35,0,0,1.18,1.29,0.12,0,0
Kepa Arrizabalaga,Chelsea,28,14,14,1215,0,0,0,0,0,0,0,0,37.5,32.1,677.3,0.37,0,0,0,0,0,0.07,0,0,0,0.37,0.07,31.6,39.9,0,0,0,0,0,0,0.3,0,0,0
Pierre-Emerick Aubameyang,Chelsea,33,11,4,433,0,1,0,2.08,1.04,15.3,0,0,17.9,12.7,171,0.42,0.42,0.21,0.63,0,0.63,1.25,0,0.42,0.42,0.21,1.88,1.25,3.13,3.33,12.1,0.21,0,0,0.83,0.21,0,0,0
Ludwig Augustinsson,Aston Villa,28,3,1,77,0,0,0,2.22,1.11,12.7,0,0,47.8,28.9,467.8,0,0,0,0,0,0,0,0,0,0,4.44,1.11,3.33,21.1,2.22,18.9,1.11,0,0,1.11,3.33,0,0,0
Serge Aurier,Nott'ham Forest,30,14,12,1082,0,1,0,0.5,0.17,13.6,0,0,49.3,33.6,515.8,1.92,0.83,0.5,0.75,0,0.83,1.58,0,3,1.5,2.5,1.33,5.08,24.5,0.75,15.5,0.17,0,0,0.67,1.33,0,0,0
Taiwo Awoniyi,Nott'ham Forest,25,16,9,730,0,4,0,2.35,0.99,11.9,0,0,15.3,11.1,129.5,0.37,0.12,0,0.99,0,1.1099999999999999,2.1,0.12,1.73,0.12,0.86,3.7,1.23,4.2,3.46,14,0,0,0,0.99,1.23,0.86,0,0
André Ayew,Nott'ham Forest,33,2,0,29,0,0,0,0,0,0,0,0,6.67,6.67,60,0,0,0,0,0,0,0,0,0,0,3.33,6.67,3.33,3.33,0,0,0,0,0,0,3.33,0,0,0
Jordan Ayew,Crystal Palace,31,22,18,1497,0,1,0.06,0.78,0.36,15.1,0,0,28.1,21.4,280.2,0.9,0.3,0.18,0.96,0,1.2,2.71,0.18,2.4,0.48,1.69,3.55,1.93,6.99,2.53,17.3,0.06,0,0,1.87,2.77,0.06,0,0
Luke Ayling,Leeds United,31,14,7,704,0,0,0.13,0.9,0.13,18.3,0,0,49.2,33.1,533.6,3.33,1.15,0.51,0.51,0,0.51,1.67,0.13,4.36,1.54,3.08,2.95,2.82,20.6,2.18,16.3,0.13,0,0,0.9,1.92,0.13,0,0
César Azpilicueta,Chelsea,33,18,10,1023,0,0,0,0.44,0.09,20.5,0,0,67.7,54.6,811.1,2.28,1.23,0.26,0.79,0,0.79,1.49,0.09,3.34,1.23,1.93,1.32,5.61,27.8,1.23,19.1,0.26,0,0,1.49,0.35,0.09,0,0
Benoît Badiashile,Chelsea,21,4,4,360,0,0,0,1,0.25,7.8,0,0,89,81.5,1526,3.5,0.75,0,0.5,0,0.5,2,0,0.5,1,4,1,14.3,54.3,1.25,2,0.25,0,0,0.5,0.5,0,0,0
Leon Bailey,Aston Villa,25,20,17,1317,0,4,0.14,2.4,0.82,17.1,0.14,0,25.8,16,258.9,0.89,0.89,0.68,1.23,1.03,1.44,2.74,0.27,1.24,0.21,1.1,2.47,0.55,3.97,3.84,21.9,0.27,0,0,1.37,0.89,0.55,0,0
Stefan Bajcetic,Liverpool,18,5,2,194,0,1,0,0.91,0.45,13.1,0,0,47.3,37.7,557.3,3.64,0.91,0.45,0.91,0,0.91,3.64,0.45,2.72,1.82,1.82,1.36,1.36,10,0.91,13.6,0.45,0,0,1.82,2.27,0,0,0
Patrick Bamford,Leeds United,29,14,6,593,0,1,0.3,3.03,1.36,14.2,0,0,19.1,13.5,137.4,0.91,0.61,0,0.91,0,0.91,1.06,0.3,0.8999999999999999,0,1.36,2.73,1.21,2.42,6.21,16.4,0,0,0,1.21,0.91,1.36,0,0
Shandon Baptiste,Brentford,24,12,4,431,0,0,0,0.42,0.21,16.9,0,0,38.8,32.1,520.4,2.71,1.67,0.42,1.25,0,1.67,2.29,0.42,1.67,1.04,0.63,1.25,1.46,10.8,0.83,13.1,0.21,0,0,1.25,2.29,0.21,0,0
Harvey Barnes,Leicester City,25,20,20,1696,0,8,0.05,2.5,1.22,16.1,0,0,25.9,18.4,236.2,1.22,1.12,0.16,0.59,0,0.75,1.97,0.53,1.92,0.27,1.01,1.91,0.43,3.99,4.41,20.7,0.05,0,0,1.38,1.22,0.27,0,0
Gavin Bazunu,Southampton,20,22,22,1980,0,0,0,0,0,0,0,0,36.6,22.2,706.9,1.73,0.05,0,0.05,0,0.05,0.32,0,0,0.05,0.45,0,27,38.3,0,0,0,0,0,0.05,0,0,0,0.05
Mads Bech Sørensen,Brentford,24,4,0,21,0,0,0,0,0,0,0,0,55,35,710,10,0,0,0,0,0,5,0,0,5,5,0,5,20,0,10,0,0,0,0,0,0,0,0
Jan Bednarek,Southampton,26,4,4,339,0.26,0,0,1.32,0,12.2,0,0,42.6,34.7,674.2,2.37,0,0,0.53,0,0.53,1.05,0,4.22,3.42,2.89,1.58,6.84,27.4,1.84,3.16,0,0,0,0.53,0,0,0,0
Jan Bednarek,Aston Villa,26,3,1,100,0,0,0,0,0,0,0,0,60,54.5,1135.5,3.64,0,0,0,0,0,0,0,5.46,1.82,0,0,8.18,35.5,0,0.91,0,0,0,0.91,0.91,0,0,0
Donny van de Beek,Manchester Utd,25,7,2,167,0,0,0,1.05,0,10.1,0,0,32.1,24.2,264.2,0,2.11,0,1.58,0.53,1.58,3.16,0,2.1100000000000003,0.53,1.58,1.58,0.53,1.58,5.79,24.2,0,0,0,2.11,1.05,0.53,0,0
Asmir Begovi?,Everton,35,1,1,90,0,0,0,0,0,0,0,0,30,21,584,0,0,0,0,0,0,0,0,0,0,1,0,31,33,0,0,0,0,0,0,0,0,0,0
Armel Bella Kotchap,Southampton,21,13,13,1026,0,0,0.09,0.88,0.09,16.9,0,0,40,30.2,593.2,1.58,0.18,0,0.26,0,0.26,0.79,0.09,3.16,2.37,2.11,1.23,8.25,28.3,1.58,2.63,0.09,0,0,0.53,1.67,0,0,0
Saïd Benrahma,West Ham,27,20,12,1193,0,3,0.08,2.86,0.83,22.4,0.23,0.15,34.6,27.8,387.9,1.13,0.83,0.45,2.11,0.08,2.11,4.51,0.08,1.81,0.45,0.23,0.45,0.75,5.71,3.16,25.6,0,0,0,0.6,0.68,0.38,0,0
Rodrigo Bentancur,Tottenham,25,18,17,1500,0,5,0.12,0.9,0.54,15.8,0,0,52.6,44.1,685.4,3.23,0.54,0.24,0.66,0.06,0.8400000000000001,2.04,0.3,3.3600000000000003,1.2,0.9,0.96,3.11,17.6,1.14,10.5,0.48,0,0,1.44,0.48,0,0,0
Victor Bernth Kristiansen,Leicester City,20,2,2,170,0,0,0,0.53,0,10.7,0,0,50.5,33.2,521.1,1.58,0.53,0,1.05,1.58,1.58,3.16,1.05,1.06,0,0.53,2.11,3.16,22.6,1.05,15.3,0,0,0,0,0.53,0,0,0
Owen Bevan,Bournemouth,19,1,0,9,0,0,0,0,0,0,0,0,30,20,380,0,0,0,0,0,0,0,0,0,0,0,0,0,30,0,0,0,0,0,0,0,0,0,0
Giulian Biancone,Nott'ham Forest,22,2,0,17,0,0,0,0,0,0,0,0,105,75,1265,0,0,0,0,0,0,5,0,0,5,10,0,10,95,0,5,0,0,0,0,0,0,0,0
Philip Billing,Bournemouth,26,21,19,1555,0,4,0.06,1.16,0.58,19.6,0.17,0,31.2,23.3,343.2,1.39,0.29,0.12,0.75,0.12,0.81,1.68,0.23,3.24,1.04,1.85,1.16,2.31,10.6,2.25,13.7,0.12,0,0,1.04,1.27,0.17,0,0
Yves Bissouma,Tottenham,26,20,8,814,0,0,0,0.56,0,26.2,0,0,63.4,57.1,871.4,4.44,0.44,0.11,0.89,0,1,2.78,0.11,2.67,1,0.67,0.67,1.89,14.1,0.11,11.3,0.56,0,0,1.56,0.78,0.11,0,0
Willy Boly,Nott'ham Forest,32,8,8,592,0,0,0.15,0.15,0,22.1,0,0,36.4,27.4,521.8,1.06,0,0,0.15,0,0.15,0.76,0.15,3.34,1.82,2.12,1.06,9.09,33.5,1.21,2.12,0.3,0,0,0.61,0.76,0.45,0,0
Sven Botman,Newcastle Utd,23,20,19,1687,0,0,0,0.59,0.21,12.4,0,0,51.5,44.2,912.8,2.09,0.05,0,0.37,0,0.37,0.75,0.05,2.8899999999999997,0.96,1.98,1.02,10.1,35.3,1.82,2.83,0.05,0,0,0.48,0.37,0.05,0,0
Jarrod Bowen,West Ham,26,22,22,1970,0,4,0.05,2.01,0.46,16,0.05,0.05,25.1,16.2,264.5,1.32,0.78,0.32,1.46,2.37,1.6,2.97,0.32,2.38,0.78,0.78,1.92,0.59,4.84,4.25,19.3,0.05,0,0,0.64,1.87,0.32,0.14,0
James Bree,Southampton,25,2,2,169,0,0,0,0,0,0,0,0,48.4,34.7,480.5,1.05,2.11,1.58,2.11,0,2.11,2.63,0,2.1100000000000003,2.11,3.68,2.11,3.16,10.5,0.53,27.4,0,0,0,0,0,0,0,0
Armando Broja,Chelsea,21,12,2,294,0,1,0,1.82,1.52,11,0,0,16.1,10,141.2,0.3,0.3,0,0.3,0,0.3,1.21,0.61,6.06,0.3,2.73,6.36,0.61,2.12,4.85,19.1,0,0,0,0.61,1.82,0.91,0.3,0
Lewis Brunt,Leicester City,22,1,0,23,0,0,0,0,0,0,0,0,70,56.7,943.3,0,0,0,0,0,0,0,0,0,0,0,0,3.33,26.7,0,10,0,0,0,0,3.33,0,0,0
Bryan,Tottenham,22,4,2,148,0,0,0.63,1.25,0.63,19.4,0,0,37.5,29.4,398.8,1.88,1.25,0,1.25,0,1.25,3.13,1.88,3.76,0.63,0,1.25,0.63,8.13,1.25,23.1,0.63,0,0,1.25,1.25,0.63,0,0
Emi Buendía,Aston Villa,26,21,13,1220,0,3,0,2.21,0.44,17,0.07,0,42.2,33.1,530.5,4.04,1.62,0,1.54,0.37,1.83,3.38,0.37,1.48,0.74,1.03,1.91,1.1,8.01,3.46,21.4,0,0,0,1.62,1.54,0.07,0,0
Hugo Bueno,Wolves,20,12,10,866,0,0,0.1,0.42,0.1,18.5,0,0,45.1,36.4,484.9,1.46,0.83,0.52,1.04,0.83,1.04,2.08,0.1,2.29,0.83,0.42,1.04,3.96,24.4,1.15,17.2,0.1,0,0,0.1,0.63,0,0,0
Facundo Buonanotte,Brighton,18,1,0,16,0,0,0,0,0,0,0,0,40,35,445,0,0,0,5,0,5,5,0,0,0,0,0,0,5,0,30,0,0,0,5,0,0,0,0
Dan Burn,Newcastle Utd,30,22,21,1854,0,0,0,0.53,0.15,12,0,0,50.3,39.9,668.3,2.72,0.34,0.05,0.39,0,0.39,0.97,0.05,2.34,0.92,2.57,1.21,5.29,24.7,1.75,10,0.1,0,0,0.92,0.05,0.19,0,0.05
Cafú,Nott'ham Forest,29,1,0,7,0,0,0,0,0,0,0,0,20,20,450,10,0,0,0,0,0,0,0,0,0,0,0,10,20,0,0,0,0,0,0,0,0,0,0
Moisés Caicedo,Brighton,21,20,19,1729,0,1,0.05,0.73,0.26,23.7,0,0,61.4,54.1,850,4.69,1.3,0.21,1.2,0,1.56,2.24,0.16,1.87,1.61,1.2,0.68,2.76,16.1,0.83,15.8,0.31,0,0,2.03,1.3,0,0,0
Tom Cairney,Fulham,32,22,1,471,0,0,0,2.12,0,20.3,0,0,76.9,65.8,1083.5,7.12,2.12,0.77,1.92,1.15,2.3,5,0.19,3.08,0.38,0.77,0.77,0.38,13.7,3.46,35.4,0.19,0,0,0.58,1.54,0,0,0
Duje ?aleta-Car,Southampton,26,10,7,716,0,0,0,0.38,0.13,10.6,0,0,51.8,43.9,869.6,2.5,0,0,0.13,0,0.13,0.5,0,2.5,1.63,1.25,1.38,11.6,37.6,0.88,1.5,0.13,0,0,0.88,0.13,0,0,0
Dominic Calvert-Lewin,Everton,25,11,9,731,0,1,0,1.98,0.49,10.7,0,0,17.2,10.6,124.6,0.99,0.12,0,0.49,0,0.49,1.6,0.25,0.5,0.12,4.32,5.06,0.74,2.1,4.44,14.2,0.12,0,0,1.48,0.99,1.73,0,0
Chem Campbell,Wolves,20,5,0,74,0,0,0,2.5,0,11.3,0,0,40,28.8,430,2.5,0,0,0,1.25,0,2.5,0,5,1.25,2.5,1.25,1.25,7.5,6.25,28.8,0,0,0,0,1.25,0,0,0
João Cancelo,Manchester City,28,17,16,1274,0,2,0.07,1.2,0.21,22.7,0,0,85.9,73,1174.2,5.63,2.54,0.63,0.85,0,0.99,2.75,0.42,0.98,1.34,1.9,0.77,1.41,15.8,3.31,32.5,0.21,0,0.07,0.92,1.27,0.28,0,0.14
Thomas Cannon,Everton,20,2,0,25,0,0,0,3.33,3.33,10.8,0,0,16.7,13.3,123.3,0,0,0,3.33,0,3.33,0,0,0,0,0,6.67,0,0,13.3,20,0,0,0,0,6.67,0,0,0
Sergi Canós,Brentford,26,5,0,77,0,0,0,1.11,0,16.1,0,0,47.8,25.6,297.8,2.22,1.11,0,1.11,0,1.11,3.33,0,6.66,0,0,1.11,1.11,14.4,2.22,22.2,0,0,0,3.33,3.33,0,0,0
Diego Carlos,Aston Villa,29,2,2,179,0,0,0,2,0,15.7,0,0,64,50.5,1043.5,4,0,0,0,0,0,1,0,2,0.5,1.5,1.5,4,24.5,2,4.5,0,0,0,0.5,0,0,0,0
Fabio Carvalho,Liverpool,20,11,4,337,0,2,0,2.97,1.08,11.5,0,0,36.5,30,402.7,1.62,0.54,0,0.27,0,0.27,2.43,0.54,3.24,1.35,1.08,2.43,0.54,8.38,7.03,23.2,0,0,0,1.35,1.62,0,0,0
Casemiro,Manchester Utd,30,17,13,1230,0,2,0.22,1.24,0.36,22.5,0,0,62.4,48.5,857.3,5.62,1.02,0.22,1.17,0,1.6099999999999999,3.14,0.44,4.09,1.61,2.34,1.09,4.6,23.1,1.02,13.2,0.36,0,0.07,2.26,1.39,0,0,0
Matty Cash,Aston Villa,25,17,13,1185,0,0,0,0.53,0.08,26.9,0,0,51.4,39.2,685.9,3.48,1.06,0.61,0.53,0,0.68,1.82,0.08,2.12,1.52,0.76,0.53,3.03,17,0.68,16.4,0.23,0,0,0.98,0.61,0.15,0,0.08
Timothy Castagne,Leicester City,27,21,20,1821,0,1,0.1,0.54,0.15,8.8,0,0,54.9,43.9,625.7,2.67,0.74,0.4,0.59,0,0.69,1.39,0.15,2.7800000000000002,0.94,1.44,1.78,3.71,22.7,1.63,15.7,0.1,0,0,0.79,0.35,0.2,0,0
Jonny Castro,Wolves,28,15,11,1020,0,0,0,0.71,0.09,22.1,0,0,63.8,53.9,860.4,4.6,0.71,0.18,0.27,0,0.36,1.5,0,3.54,1.15,1.06,1.15,3.81,26.5,1.06,17.5,0.27,0,0,0.8,1.42,0.09,0,0
Julio César Enciso,Brighton,19,5,0,131,0,0,0,5.33,4,24.4,0,0,19.3,12.7,140,1.33,0.67,0,0.67,0,0.67,3.33,0.67,1.34,0,0.67,0.67,0,0.67,5.33,20.7,0.67,0,0,2.67,0.67,0,0,0
Nathaniel Chalobah,Fulham,28,4,1,12,0,0,0,10,10,10.1,0,0,50,40,670,10,0,0,0,0,0,0,0,0,0,10,20,40,50,10,30,0,0,10,20,0,0,0,0
Trevoh Chalobah,Chelsea,23,12,11,971,0.09,0,0,0.46,0.09,11.1,0,0,59.3,52.6,967.7,2.41,0.09,0,0.09,0,0.09,0.46,0.09,1.48,1.2,1.76,1.39,7.04,35.1,0.83,4.44,0.28,0,0,0.65,0.46,0,0,0
Calum Chambers,Aston Villa,28,4,1,110,0,0,0,0.83,0,29.2,0,0,69.2,57.5,1049.2,2.5,0,0,0,0,0,0.83,0,5,2.5,1.67,1.67,9.17,43.3,0,5.83,0.83,0,0,4.17,0,0,0,0
Ben Chilwell,Chelsea,26,11,4,450,0,1,0.2,0.6,0.2,15.3,0,0,66.8,52.2,743.4,2,0.6,0.4,0.6,1.8,0.8,1.8,0.6,1.6,1.2,3.2,1,1.4,19.4,1.4,26,0.2,0,0,1.2,1.4,0,0.2,0
Ryan Christie,Bournemouth,27,19,12,1036,0,1,0,1.48,0.43,14.1,0,0,30.7,24.8,390.6,2.26,1.04,0.09,1.22,0.87,1.48,2.87,0.09,2.4299999999999997,1.57,0.52,1.22,1.83,9.39,2.61,14.9,0.09,0,0,1.74,2.26,0,0,0
Carney Chukwuemeka,Chelsea,19,8,1,202,0,0,0,1.82,0.45,16.4,0,0,42.3,34.5,429.5,2.73,1.82,0.91,1.36,0,1.36,3.18,0,3.64,1.82,0.45,1.36,1.82,13.2,5,25.9,0,0,0,0.45,0.91,0,0,0
Bobby Clark,Liverpool,18,1,0,8,0,0,0,0,0,0,0,0,10,10,290,0,10,0,0,0,0,0,0,40,0,0,0,0,0,10,70,0,0,0,10,0,0,0,0
Nathaniel Clyne,Crystal Palace,31,16,14,1206,0,0,0,0,0,0,0,0,48.7,37.9,585.1,3.13,0.22,0.15,0.37,0,0.37,1.12,0,2.68,1.12,0.45,0.75,2.84,18.2,0.22,11.5,0.15,0,0,0.45,0.45,0,0,0
Conor Coady,Everton,29,19,19,1700,0,1,0.05,0.16,0.11,9.9,0,0,52.9,44.7,950.4,3.28,0.16,0.05,0.21,0,0.26,0.79,0.05,1.9,0.63,1.11,1.11,10.7,35.5,0.48,1.32,0.05,0,0,0.42,0.58,0.11,0,0
Jack Colback,Nott'ham Forest,33,8,1,281,0,0,0,0,0,0,0,0,23.2,19,346.5,2.58,0.32,0.32,0.65,0,0.65,0.65,0,0.64,0.65,0.65,1.29,3.23,13.5,0,3.23,0,0,0,1.29,1.94,0,0,0
Séamus Coleman,Everton,34,13,10,857,0,0,0,0.32,0,17.8,0,0,42.5,34.5,564.4,1.37,0.95,0.53,0.21,0,0.21,0.95,0.11,2.32,1.26,0.74,0.63,4.63,20.1,0.84,12.8,0,0,0,0.42,0.95,0,0,0
Nathan Collins,Wolves,21,17,17,1472,0,0,0,0.06,0,13.1,0,0,55.7,49.5,1014.3,3.54,0.12,0,0.12,0,0.12,0.49,0,2.8,1.22,1.52,1.4,10.2,39.1,0.55,1.95,0.12,0,0.06,0.79,0.43,0.06,0,0
Levi Colwill,Brighton,19,7,5,463,0,0,0,0.2,0,8.1,0,0,83.1,74.3,1326.7,4.51,0.59,0,0.39,0,0.5900000000000001,0.98,0.2,0.79,1.18,2.94,0.98,9.61,47.1,0.2,2.94,0,0,0,0.2,0.59,0,0,0
Lewis Cook,Bournemouth,26,19,17,1486,0,0,0.12,0.3,0,28,0.06,0,39.2,30.8,518.1,2.97,0.67,0.48,1.27,0.61,1.33,1.94,0.24,2.91,1.03,0.42,0.48,3.27,14.5,0.48,9.52,0.12,0,0,0.73,0.48,0,0,0
Steve Cook,Nott'ham Forest,31,12,11,957,0,0,0,0.28,0,14.2,0,0,43.3,34.8,743.8,1.7,0.19,0.09,0.28,0,0.28,0.57,0,3.0199999999999996,1.13,2.55,0.94,9.43,30.3,0.94,1.79,0.38,0,0,0.47,0.19,0,0,0.09
Liam Cooper,Leeds United,31,13,12,1106,0,1,0,0.73,0.16,8.9,0,0,49.5,39,714.6,2.36,0,0,0.33,0,0.33,0.98,0.24,1.3,2.03,3.74,2.2,6.5,31.5,1.46,2.36,0.16,0,0,0.73,0.65,0,0,0
Maxwel Cornet,West Ham,26,5,1,91,0,0,0,4,1,9.8,0,0,30,20,266,0,0,0,0,0,0,1,0,0,0,2,3,0,6,4,27,0,0,0,2,2,0,0,0
Diego Costa,Wolves,34,10,8,644,0,0,0,2.92,0.97,11.7,0,0,12.8,9.31,106.7,0.42,0.14,0,0.69,0,0.69,1.53,0,1.3900000000000001,0.28,2.22,3.33,1.11,2.5,5.14,11.1,0.28,0,0.14,2.36,0.56,1.67,0,0
Vladimír Coufal,West Ham,30,16,14,1291,0,0,0,0.35,0,24.3,0,0,50.1,31.7,549,2.87,1.05,0.63,0.98,0,0.98,2.31,0.14,2.52,1.68,1.4,1.05,3.85,17.3,0.77,19.9,0.28,0,0,1.12,0.77,0,0,0
Philippe Coutinho,Aston Villa,30,18,6,712,0,0,0,2.41,0.76,21.5,0.25,0,45.7,34.2,480.9,3.54,0.89,0.25,0.89,0.76,1.27,2.91,0,1.78,0.38,0.38,1.52,0.25,3.29,2.78,25.8,0.38,0,0,1.77,1.52,0.25,0,0
Conor Coventry,West Ham,22,1,0,1,0,0,0,0,0,0,0,0,0,0,0,0,0,0,0,0,0,0,0,0,0,0,0,0,0,0,0,0,0,0,0,0,0,0,0
Aaron Cresswell,West Ham,33,18,17,1533,0,0,0,0.41,0.06,22.8,0.18,0,63.9,50.8,819.1,4.41,1.41,0.76,1.76,2.18,1.82,3.12,0,2,1.18,1.41,1.18,3.71,21.8,0.47,18.9,0.12,0,0,0.47,0.29,0.06,0,0
Marc Cucurella,Chelsea,24,20,17,1345,0,0,0.13,0.4,0,17.7,0,0,71.8,59.9,913.4,3.83,0.6,0.4,0.54,0.87,0.54,1.54,0.2,3.08,0.74,0.81,0.74,3.56,25.6,0.67,21.1,0.13,0,0,0.81,1.01,0.07,0,0
Matheus Cunha,Wolves,23,5,3,250,0,0,0,2.14,0.71,17.2,0,0,21.8,15.7,200.4,0,0.36,0,0.71,0,0.71,2.86,0,4.29,0.71,0.71,5,1.07,9.29,2.86,12.1,0,0,0,2.86,1.79,0.71,0,0
Patson Daka,Leicester City,24,17,9,706,0,3,0.38,2.44,1.41,14.9,0,0,20.1,13.3,164.7,0.64,0.64,0.13,1.28,0,1.79,2.18,0.64,1.8000000000000003,0.38,1.41,2.31,1.41,2.95,4.62,16.7,0.26,0,0,1.41,0.77,0.64,0.13,0
Diogo Dalot,Manchester Utd,23,15,14,1268,0,0,0.14,0.99,0.28,19.7,0,0,58.6,45.3,813.8,3.83,1.49,0.85,1.56,0,1.7000000000000002,2.48,0.14,2.56,1.63,1.7,0.78,5.04,23.9,1.91,17.5,0.35,0,0,1.06,0.21,0,0,0
Mikkel Damsgaard,Brentford,22,11,1,285,0,0,0,1.25,0.94,17.3,0,0,40,28.4,389.7,4.06,1.88,0,1.56,0.31,1.87,3.75,0.31,2.5,0.63,0.31,2.19,0.31,8.13,2.81,20,0.63,0,0,1.56,1.25,0,0,0
Danilo,Nott'ham Forest,21,2,1,91,0,0,0,1,0,31.9,0,0,38,27,524,4,0,0,1,0,1,2,0,4,0,2,2,3,19,0,8,1,0,0,2,1,0,0,0
Arnaut Danjuma,Tottenham,26,1,0,12,0,0,0,0,0,0,0,0,110,60,990,0,10,10,10,0,10,10,0,0,0,0,0,0,10,0,50,0,0,0,0,0,0,0,0
Josh Dasilva,Brentford,24,22,11,999,0,3,0.18,1.17,0.45,21.3,0,0,38.2,30.4,515.4,2.34,1.44,0.36,0.81,0.36,0.9,2.88,0.45,2.7,0.27,0.54,0.45,0.81,9.01,1.98,17.5,0.09,0,0,0.81,1.26,0,0,0
Ben Davies,Tottenham,29,20,16,1441,0,2,0.06,0.63,0.25,16.1,0,0,56.5,47.7,797.9,3.75,0.19,0.13,0.81,0,0.81,1.44,0.25,1.63,0.81,2.25,2,4.19,23.4,0.88,7.5,0.13,0,0,1.19,0.5,0,0,0
Tom Davies,Everton,24,10,4,413,0,0,0,1.3,0.22,19.5,0,0,39.8,30.2,523.9,4.13,0.22,0,0.22,0,0.87,0.87,0,3.04,0.65,1.52,2.61,2.17,12.6,2.17,7.83,0.43,0,0,0.65,1.09,0.22,0,0
Craig Dawson,West Ham,32,8,8,720,0,0,0,0.75,0.13,15.1,0,0,38.8,30.6,675.5,3.13,0,0,0.13,0,0.13,1.5,0.13,2.26,0.75,1.75,0.88,6.63,26.4,1.75,3.5,0.25,0,0,0.75,0.38,0,0.13,0.13
Craig Dawson,Wolves,32,2,2,180,0,1,0,1,0.5,9.5,0,0,54.5,48,948,2.5,0,0,0.5,0,0.5,1.5,0,4,0,3,3.5,15.5,44.5,1,1,0.5,0,0,0.5,1,0,0,0
Kevin De Bruyne,Manchester City,31,20,18,1599,0,3,0.62,2.64,0.9,23.6,0.28,0,59.4,42.8,809.7,4.44,3.71,0.79,3.6,2.58,4.720000000000001,6.52,1.12,2.02,0.22,0.45,0.56,0.51,4.04,3.93,39.7,0.06,0,0,0.9,0.9,0.17,0.06,0
Siriki Dembélé,Bournemouth,26,6,0,110,0,0,0,1.67,1.67,16.6,0,0,39.2,30.8,452.5,1.67,2.5,1.67,3.33,0,3.33,4.17,0,1.66,0.83,0,3.33,0.83,8.33,2.5,27.5,0,0,0,0.83,1.67,0,0,0
Leander Dendoncker,Aston Villa,27,12,3,341,0,0,0,0.26,0,23.2,0,0,38.9,33.9,526.1,2.37,0,0,1.32,0,1.32,1.84,0,5.27,1.58,1.32,1.58,2.89,14.2,1.05,7.63,0,0,0,0.26,0,0,0,0
Leander Dendoncker,Wolves,27,4,2,214,0,0,0,1.25,0.83,16.7,0,0,41.3,35.8,610.8,1.67,0.42,0.42,0.83,0,0.83,1.67,0,1.66,3.75,0.83,2.08,2.5,13.8,2.08,8.75,0,0,0,0,0,0,0,0
Emmanuel Dennis,Nott'ham Forest,25,11,3,408,0,1,0.22,2.44,0.44,14.1,0.44,0,24.7,17.1,262.9,0.89,0.44,0.22,0.89,0,0.89,3.11,0.44,2.22,0,1.33,2,0,4.89,4.89,22.9,0.44,0,0,1.33,3.78,0.89,0,0
Halil Derviþoðlu,Brentford,23,1,0,8,0,0,0,10,0,31.9,0,0,0,0,0,0,0,0,0,0,0,10,10,0,0,0,0,0,0,0,10,0,0,0,0,0,0,0,0
Kiernan Dewsbury-Hall,Leicester City,24,20,19,1538,0,2,0.12,0.88,0.23,20.9,0,0,46.8,35.2,578.1,4.62,0.99,0.18,1.75,0.41,2.16,3.27,0.47,3.75,0.99,0.58,0.47,1.35,9.53,1.99,18,0.12,0,0,1.17,1.05,0,0,0
Ibrahima Diallo,Southampton,23,13,10,714,0,0,0,0.76,0,28.4,0,0,41,31.5,475.3,2.28,0.25,0,0.25,0,0.25,0.63,0,2.0300000000000002,0.63,1.9,0.89,1.65,13.5,0.38,8.1,0.25,0,0,2.03,0.89,0,0,0
Rúben Dias,Manchester City,25,13,9,874,0,0,0,0.52,0.1,10,0,0,92.8,85.6,1544.5,5.26,0,0,0.21,0,0.21,0.62,0,1.8599999999999999,1.24,2.68,1.34,7.22,37.6,1.44,5.67,0,0,0,1.03,0.31,0,0,0
Luis Díaz,Liverpool,26,8,7,613,0,3,0.29,2.35,1.03,13.3,0,0,37.6,29.9,448.7,2.65,0.74,0.15,0.88,0,0.88,2.94,0.59,1.76,0.29,0.88,2.06,0.44,3.38,6.62,25.3,0.29,0,0,1.76,2.35,0.29,0,0
Eric Dier,Tottenham,29,22,21,1915,0,2,0,0.66,0.19,12.7,0.09,0,66.6,57.4,1117.3,2.58,0.28,0.14,0.28,0,0.28,0.99,0.05,2.26,1.22,2.54,1.46,11.5,43.8,0.89,2.77,0.09,0,0,0.56,0.28,0.05,0,0
Lucas Digne,Aston Villa,29,15,14,1111,0.08,1,0,0.49,0.24,19.5,0.16,0,57.3,43.5,687.8,2.2,1.46,0.81,1.06,0.57,1.06,1.63,0,1.79,1.06,1.46,1.06,4.07,22.4,1.63,20.8,0.16,0,0,0.98,1.54,0.16,0,0.08
Issa Diop,Fulham,26,15,12,1146,0,1,0,0.24,0.16,12.3,0,0,63.3,53.7,1106.9,3.46,0.16,0,0.08,0,0.08,0.39,0,2.36,1.42,1.81,1.26,7.24,32.1,0.63,1.5,0.08,0,0,0.55,0.24,0.08,0,0
Moussa Djenepo,Southampton,24,12,6,578,0,0,0.16,0.47,0.31,13.8,0,0,33.3,24.5,363,1.88,0.78,0.47,0.94,0,0.94,2.03,0.31,3.75,1.72,0.47,1.25,2.03,12.7,1.72,13.6,0,0,0,0.94,2.34,0,0,0
Ben Doak,Liverpool,17,2,0,26,0,0,0,0,0,0,0,0,46.7,33.3,286.7,0,0,0,0,0,0,0,0,6.66,0,0,0,0,13.3,6.67,33.3,0,0,0,3.33,3.33,0,0,0
Matt Doherty,Tottenham,31,12,7,667,0,1,0,1.35,0.27,12.1,0,0,55.1,44.5,661.6,1.89,0.68,0.41,0.81,0,0.81,2.43,0.41,2.98,1.08,2.7,1.76,3.65,19.5,3.24,23.2,0,0,0,1.49,0.54,0,0,0
Gabriel Dos Santos,Arsenal,25,21,21,1890,0,2,0,0.9,0.29,14.5,0,0,62,55.3,1000.1,4.67,0.1,0,0.05,0,0.05,0.67,0,2.76,0.86,2.19,2.29,8.57,29.6,1.57,5.19,0.19,0,0,0.62,1.19,0,0,0.05
Abdoulaye Doucouré,Everton,30,11,3,318,0,0,0,1.14,0.29,12.5,0,0,42.6,33.4,461.7,2.57,0,0,0.29,0,0.29,1.43,0,2.29,0.57,1.14,1.71,1.71,12,3.14,14.9,0.29,0,0,0.86,0.29,0.29,0,0.29
Cheick Doucouré,Crystal Palace,23,20,20,1647,0,0,0.11,1.26,0.27,25.9,0,0,42.2,35.1,590,3.99,0.27,0,0.98,0,1.09,2.08,0.16,2.84,2.08,0.71,0.82,3.11,15.6,0.33,8.09,0.38,0,0,1.37,0.38,0,0,0
Flynn Downes,West Ham,24,10,3,310,0,0,0,0.59,0,14.7,0,0,34.7,28.2,369.7,2.06,0.29,0,0.29,0,0.29,1.76,0,5.3,0.88,1.18,1.76,1.18,6.76,0.59,8.82,0,0,0,1.18,1.76,0,0,0
Cody Drameh,Leeds United,21,1,1,69,0,0,0,0,0,0,0,0,47.5,37.5,571.3,2.5,0,0,0,0,0,1.25,0,0,1.25,1.25,0,1.25,8.75,0,13.8,0,0,0,1.25,0,0,0,0
Shane Duffy,Fulham,31,4,0,6,0,0,0,0,0,0,0,0,40,20,200,0,0,0,0,0,0,0,0,0,0,20,10,0,20,0,0,0,0,0,0,10,0,0,0
Lewis Dunk,Brighton,31,21,21,1889,0.05,0,0,0.48,0.05,10.9,0,0,81.8,73.5,1444,4.86,0.19,0,0.05,0,0.15000000000000002,0.57,0.05,2.19,1,1.62,1.48,11.3,46.4,0.95,2.05,0.1,0,0,0.57,0.62,0.05,0,0.14
Jhon Durán,Aston Villa,19,1,0,9,0,0,0,0,0,0,0,0,50,30,480,0,10,0,0,0,0,10,0,0,0,0,0,0,0,10,20,0,0,0,0,10,10,0,0
Malcolm Ebiowei,Crystal Palace,19,3,0,34,0,0,0,0,0,0,0,0,25,12.5,245,0,0,0,0,0,0,2.5,0,10,0,0,0,0,2.5,5,30,0,0,0,0,2.5,0,0,0
Ederson,Manchester City,29,21,21,1890,0,0,0.05,0,0,0,0,0,36.4,31.7,745.9,0.24,0,0,0.05,0,0.1,0.14,0.05,0,0,0.24,0,29.2,37.5,0,0,0.05,0,0,0,0.1,0,0,0
Odsonne Édouard,Crystal Palace,25,20,12,1093,0,3,0.17,2.07,0.83,12.4,0,0,22.7,16.3,186.8,0.58,0.74,0,0.99,0,0.99,2.48,0.25,1.65,0.25,1.98,2.07,1.65,4.3,4.55,14.9,0.25,0,0,1.16,0.74,0.58,0,0
Samuel Edozie,Southampton,20,15,5,541,0,0,0,1.33,0.5,16.5,0,0,25.2,17,199.5,0.83,1,0.17,1,0,1.17,3,0,2,1,1,1.83,0.67,7.83,4.83,22.8,0,0,0,0.17,3.67,0.17,0.17,0
Anthony Elanga,Manchester Utd,20,13,5,397,0,0,0.23,1.82,0.68,14.7,0,0,27.7,20.5,258,0.68,0.45,0,1.14,0,1.14,3.64,0.23,1.82,0.23,1.59,2.5,0.91,5.68,5.68,21.4,0,0,0,0.45,1.59,0.68,0,0
Harvey Elliott,Liverpool,19,20,13,1131,0,1,0.08,1.67,0.48,19.3,0,0,54.4,43.3,637.3,4.05,2.22,0.4,1.27,0.08,1.59,3.89,0.48,3.18,0.48,0.08,0.71,0.63,7.86,2.7,28,0.08,0,0,0.79,1.59,0.08,0,0
Mohamed Elneny,Arsenal,30,5,1,113,0,0,0,0,0,0,0,0,46.2,43.8,793.1,2.31,1.54,0,0,0,0,0,0,0,0,0,1.54,1.54,8.46,0,8.46,0,0,0,0.77,0.77,0,0,0
Mohamed Elyounoussi,Southampton,28,20,17,1400,0,0,0.06,1.79,0.45,15.9,0,0,27.1,18,262.4,1.28,0.9,0.38,0.9,0.06,1.22,1.86,0.19,3.08,0.77,1.41,1.86,2.18,7.95,2.69,16,0.19,0,0,1.54,0.77,0.19,0,0
Emerson,Tottenham,24,18,14,1196,0,1,0.08,0.9,0.3,15.5,0,0,54.3,42.9,672.7,2.71,0.98,0.23,0.45,0.08,0.45,2.11,0.15,1.6600000000000001,0.9,1.13,1.5,4.96,23.8,2.56,20.1,0.08,0,0.08,1.13,1.8,0,0,0
Christian Eriksen,Manchester Utd,30,19,18,1489,0,1,0.42,1.39,0.48,19.1,0.18,0,62.5,49.3,815.2,5.39,1.03,0.12,1.52,3.03,1.88,2.97,0.48,2.06,0.48,0.42,0.55,2.24,12.7,1.33,18.9,0.18,0,0,0.61,0.36,0.12,0,0
Pervis Estupiñán,Brighton,25,18,15,1261,0,0,0.21,0.57,0,23.2,0,0,66.7,54,786.8,3.5,1.71,0.71,1.5,0,1.57,2.79,0.43,2.29,1.57,1.57,1.29,3.36,19.6,1.93,21.4,0.21,0,0,1.43,0.93,0.29,0.07,0
Jonny Evans,Leicester City,35,9,9,810,0,0,0,0.11,0.11,3.8,0,0,74.7,66.7,1337.4,4.44,0.11,0,0.11,0,0.11,0.44,0,1.34,1.78,2.22,1.22,10.6,40.8,0.22,0.89,0,0,0,0.78,0.44,0,0,0
Eberechi Eze,Crystal Palace,24,22,19,1549,0,3,0.17,2.27,0.58,23,0.52,0,40.5,31.9,491,2.91,0.99,0.06,1.98,2.21,2.21,3.43,0.47,1.98,0.41,0.47,1.22,0.58,8.43,2.21,18.5,0.06,0,0,0.76,1.98,0.12,0,0
?ukasz Fabia?ski,West Ham,37,22,22,1873,0,0,0,0,0,0,0,0,27.3,17.9,556.4,0.38,0,0,0,0,0,0.1,0,0,0,0.48,0.05,25.8,29.2,0,0,0,0,0,0,0.14,0,0,0
Fabinho,Liverpool,29,18,14,1253,0,0,0,0.58,0.22,18.3,0,0,64.5,56.8,926.2,4.17,0.5,0,0.43,0,0.65,2.09,0.14,2.74,1.37,1.08,0.86,3.09,16.3,0.65,11.4,0.14,0,0,1.44,0.79,0,0,0
Wout Faes,Leicester City,24,16,16,1440,0.13,0,0,0.25,0.06,15.5,0,0,68.4,59.1,1112.6,2.63,0.31,0,0.19,0,0.32,0.5,0.13,2.63,1.31,1.81,1.38,12.1,43.6,0.44,1.19,0.13,0,0,0.94,0.44,0,0,0
Felipe,Nott'ham Forest,33,1,0,84,0,0,0,1.11,0,11.6,0,0,64.4,57.8,1174.4,1.11,0,0,0,0,0,0,0,0,5.56,6.67,1.11,13.3,53.3,1.11,1.11,0,0,0,1.11,1.11,0,0,0
João Félix,Chelsea,23,2,2,147,0,1,0,5.63,3.75,17.8,0.63,0,43.1,30,468.1,4.38,0.63,0,1.88,3.75,2.51,4.38,0,0,0,0,1.88,0,5.63,5.63,24.4,0,0,0.63,0.63,4.38,1.25,0,0
Evan Ferguson,Brighton,18,6,2,233,0,3,0.77,3.08,1.92,15.9,0,0,20,15.4,185.4,0.38,0.77,0,1.15,0,1.5299999999999998,2.31,0.77,1.54,0.38,1.54,1.92,0,1.15,4.23,12.7,0.38,0,0,0.77,0.77,0,0,0
Bruno Fernandes,Manchester Utd,28,21,21,1888,0,5,0.19,2.05,0.62,21.6,0.14,0.05,51.4,38.1,624,3.33,2.19,0.24,2.71,1.52,3.42,4.95,0.57,2,0.71,0.48,1.52,2.19,9.86,3.48,27.8,0.24,0,0,1.29,1.1,0.48,0,0
Enzo Fernández,Chelsea,22,2,2,180,0,0,0.5,1.5,0,26.7,0,0,84.5,74,1473,9,0.5,0,1,0,1.5,3,0.5,6,2,0.5,0.5,6,29,0.5,11.5,0,0,0,0,1,0,0,0
Mateo Fernández,Leeds United,19,2,0,3,0,0,0,0,0,0,0,0,1,1,10,0,0,0,0,0,0,0,0,2,0,0,0,1,1,0,1,0,0,0,0,0,0,0,0
Roberto Firmino,Liverpool,31,13,11,929,0,7,0.29,3.2,1.94,12.7,0,0,42.6,33.2,452.1,3.69,1.36,0,1.65,0,2.23,3.69,0.68,2.14,0.58,1.26,2.43,0.29,5.34,6.7,21.8,0,0,0,0.58,0.49,0.29,0,0
Junior Firpo,Leeds United,26,5,1,209,0,0,0,0,0,0,0,0,47,34.3,544.8,3.04,0,0,0.87,0,0.87,0.87,0,4.34,0.43,1.3,2.17,3.48,14.8,0.87,10,0.43,0,0,3.48,0,0,0,0
Phil Foden,Manchester City,22,18,13,1045,0,7,0.34,2.41,1.21,14.2,0,0,54.9,44.1,666.5,2.07,1.9,0.69,1.9,1.98,2.07,4.74,0.78,2.0700000000000003,0.26,1.21,1.47,0.69,4.91,6.47,38.8,0.09,0,0,0.34,1.38,0.26,0,0
Datro Fofana,Chelsea,20,1,0,16,0,0,0,5,0,11.1,0,0,10,5,45,0,0,0,0,0,0,10,0,0,0,0,0,0,0,15,30,0,0,0,10,0,0,0,0
Wesley Fofana,Leicester City,22,2,2,180,0,0,0,1,0.5,10.1,0,0,70,58.5,997.5,8,0,0,0,0,0,1,0,1,4.5,2.5,3,5.5,34,1.5,3.5,0.5,0,0,1,1.5,0.5,0,0
Wesley Fofana,Chelsea,22,2,2,180,0,0,0,0.5,0,31.8,0,0,95,86,1342.5,2.5,0,0,0,0,0,0.5,0,2,2.5,2,1.5,1.5,25,0.5,10.5,0,0,0,0,1.5,0,0,0
Pablo Fornals,West Ham,26,18,11,960,0,1,0,1.59,0.47,23.9,0,0,45.7,32.8,562.5,3.74,0.56,0.19,1.03,1.4,1.4,3.46,0,1.8599999999999999,1.03,0.47,1.21,0.93,8.97,1.87,21.2,0,0,0,1.03,0.47,0.09,0,0
Adam Forshaw,Leeds United,31,5,2,159,0,0,0,0,0,0,0,0,36.1,30,399.4,4.44,0,0,1.11,1.11,1.11,2.22,0,3.34,0,0,0.56,1.11,7.78,0,6.11,0,0,0,1.11,1.67,0,0,0
Fraser Forster,Tottenham,34,2,2,180,0,0,0,0,0,0,0,0,21.5,17.5,432,0,0,0,0,0,0,0,0,0,0,0,0,23,24,0,0,0,0,0,0,0.5,0,0,0
Tyrese Francois,Fulham,22,1,0,1,0,0,0,0,0,0,0,0,2,2,12,1,0,0,0,0,0,0,0,0,0,0,0,0,1,0,1,0,0,0,0,0,0,0,0
Ryan Fraser,Newcastle Utd,28,8,3,313,0,0,0,1.71,0.29,16.6,0,0,34.9,24.3,350.9,1.14,1.14,0.29,1.43,0.86,1.43,2.29,0,1.7199999999999998,0,0,0.57,0.29,5.14,2.57,22.9,0.29,0,0,0.86,2.86,0.29,0,0
Fred,Manchester Utd,29,19,7,763,0,2,0,2.47,0.59,18.4,0,0,55.3,43.9,662,3.41,0.59,0.12,1.88,0,2.3499999999999996,3.65,0.24,6.36,1.41,0.71,0.94,2.59,18.5,2.94,22,0.47,0,0,2.24,1.18,0,0,0
Ryan Fredericks,Bournemouth,30,9,5,463,0,0,0,0,0,0,0,0,40.6,27.5,399.6,0.78,1.18,0.2,0.2,0,0.2,0.78,0.2,2.36,0,0.78,1.76,5.1,15.7,1.18,14.9,0.2,0,0,0.59,0.2,0,0,0
Remo Freuler,Nott'ham Forest,30,18,16,1461,0,0,0,0.37,0.06,22.3,0,0,37.6,29.9,454.5,2.28,0.25,0.19,0.56,0,0.56,1.23,0,2.96,1.54,1.05,0.74,3.27,16.2,0.25,7.1,0.19,0,0,1.11,0.43,0,0,0
Cody Gakpo,Liverpool,23,3,3,255,0,0,0,3.21,0.36,13.7,0,0,15.7,9.64,129.3,0.71,0.36,0,0.71,0,0.71,3.21,0,1.4299999999999997,0.71,1.43,1.43,0.36,1.79,5.36,17.1,0,0,0,1.07,1.79,1.07,0,0
Conor Gallagher,Chelsea,23,20,10,841,0,1,0.11,1.4,0.54,19.8,0,0,53.3,42.2,645.8,4.52,1.29,0.54,1.83,2.15,1.9400000000000002,2.9,0.32,3.44,1.29,1.4,1.94,2.26,13.7,2.69,22.7,0.65,0.11,0.11,2.04,2.37,0,0,0
Idrissa Gana Gueye,Everton,33,16,15,1221,0,0,0.07,0.07,0.07,28.8,0,0,48.8,41.8,682,3.82,0.22,0,0.37,0,0.44,1.62,0.15,4.26,2.35,1.03,0.96,2.65,17.9,0.22,7.72,0.22,0,0,1.32,2.13,0,0,0
Alejandro Garnacho,Manchester Utd,18,11,3,328,0,1,0.56,3.33,1.39,15.8,0,0,31.1,24.4,281.9,0.28,0.28,0,0.56,0,0.56,3.33,1.11,2.78,1.11,0.56,1.67,0.28,5.28,10,36.1,0.56,0,0,1.39,1.39,0.56,0,0
James Garner,Everton,21,6,0,142,0,0,0,1.25,0.63,22.4,0,0,49.4,36.9,606.3,3.75,0,0,0,3.13,0,0.63,0,2.5,2.5,1.25,0.63,3.75,11.3,2.5,16.3,0.63,0,0,2.5,0,0.63,0,0
David de Gea,Manchester Utd,32,22,22,1980,0,0,0,0,0,0,0,0,30.6,22,545.9,0.09,0.05,0,0.05,0,0.05,0.09,0,0,0,0.14,0,27,32.5,0,0,0,0,0,0,0.09,0,0,0
Joe Gelhardt,Leeds United,20,15,1,212,0,0,0.83,4.17,0.83,23.5,0.42,0,27.9,17.9,215.8,1.25,0.42,0,0.83,0,1.25,1.67,0.83,4.16,0,2.08,4.58,1.67,4.17,5.83,22.5,0.42,0,0,2.5,3.33,0,0,0
Saman Ghoddos,Brentford,29,9,0,90,0,0,0,1,1,19.2,0,0,48,35,517,2,0,0,1,1,2,2,0,6,3,2,3,7,20,1,19,0,0,0,1,2,0,0,0
Morgan Gibbs-White,Wolves,23,2,2,180,0,0,0,1.5,0.5,11.5,0,0,47.5,37.5,561,5,0.5,0,0.5,2,0.5,2,0,2,0.5,1,2.5,0.5,9,2,24.5,0.5,0,0,1.5,1.5,0,0,0
Morgan Gibbs-White,Nott'ham Forest,23,19,18,1556,0,2,0.23,2.14,0.58,18.8,0.17,0,34.8,21.3,337.8,2.31,1.5,0.23,2.14,2.66,2.83,4.1,0.29,0.93,0.58,1.56,2.83,0.46,4.62,2.49,23.1,0.06,0,0,1.04,0.87,0.12,0,0
Billy Gilmour,Brighton,21,7,2,163,0,0,0,1.11,0,17.1,0,0,85.6,78.9,1366.7,5.56,2.22,0,0.56,0,0.56,1.67,0.56,1.12,0.56,0.56,1.67,3.33,22.2,1.67,16.1,0.56,0,0,0.56,0,0,0,0
Degnand Gnonto,Leeds United,19,10,8,716,0,2,0.13,1.63,0.75,18,0,0,33.3,22.6,270.1,0.5,1.38,0.25,1.75,0.63,2.13,4,0.63,2.5,0.13,0.5,1.38,0.5,5.63,2.88,27.3,0.25,0,0,1.5,2.75,0.25,0,0
Ben Godfrey,Everton,25,4,3,211,0,0,0,1.3,0,8.1,0,0,37.8,30,540.9,3.04,0,0,0.43,0,0.43,0.43,0,4.34,0.87,1.3,0.87,4.35,20,1.3,5.65,0,0,0,1.3,0.43,0,0,0
João Gomes,Wolves,22,1,0,21,0,1,0,10,5,18.9,0,0,60,40,640,5,0,0,0,0,0,5,5,0,0,0,10,5,30,5,20,0,0,0,5,0,0,0,0
Toti Gomes,Wolves,24,7,3,310,0,0,0,0,0,0,0,0,50.9,43.2,785.6,2.94,0.29,0,0.29,0,0.29,0.29,0,3.52,0.59,2.35,0.88,14.7,36.5,0.59,2.65,0.59,0,0,1.47,0.59,0,0,0
Joe Gomez,Liverpool,25,17,11,1106,0,0,0,0.24,0,20.3,0,0,83.7,70.7,1422.6,7.89,0.16,0,0.08,0,0.08,1.22,0.08,2.28,1.54,3.01,2.2,6.75,36.7,0.33,4.15,0.24,0,0,1.06,0.33,0,0,0.08
Sergio Gómez,Manchester City,22,5,0,111,0,0,0.83,1.67,0,17.6,0,0,73.3,60,971.7,6.67,1.67,0,1.67,1.67,1.67,2.5,0.83,6.67,1.67,0.83,1.67,4.17,16.7,5.83,22.5,0,0,0,0,0,0,0,0
Anthony Gordon,Newcastle Utd,21,2,0,77,0,0,0,3.33,0,17,0,0,35.6,28.9,321.1,4.44,0,0,2.22,0,3.33,4.44,0,2.22,0,0,2.22,0,2.22,7.78,28.9,1.11,0,0,2.22,3.33,0,0,0
Anthony Gordon,Everton,21,16,12,1095,0,3,0,2.13,1.31,16.6,0.08,0,23,15.8,238.1,0.66,0.9,0.16,0.66,0.16,0.74,1.89,0,3.12,0.33,0.74,2.38,1.07,7.13,3.85,17.9,0.49,0,0,1.64,1.23,0.25,0,0
Demarai Gray,Everton,26,20,19,1679,0,3,0.05,1.93,0.75,20.1,0.21,0.05,33.8,23.1,400.5,1.34,0.91,0.32,1.39,3.21,1.5,3.48,0.21,1.18,0.53,0.37,0.96,0.91,4.12,3.69,24.8,0.05,0,0,0.53,1.5,0.43,0,0
Jack Grealish,Manchester City,27,15,11,1040,0,2,0.26,1.64,0.34,13.6,0,0,47.9,40.1,581.6,1.29,1.47,0,2.24,1.38,2.33,4.57,0.78,2.24,0.34,0.69,0.43,0.69,5.09,6.12,35.2,0.09,0,0,1.21,3.45,0.09,0,0
Sam Greenwood,Leeds United,21,12,2,318,0,1,0.57,3.14,0.57,24.3,1.43,0,40.9,25.1,440,3.14,0.29,0,2.86,4.57,2.86,4.29,0.86,4,0.29,0.29,0.86,1.14,10.6,1.43,22,0.29,0,0,2.29,0.57,0,0,0
Pascal Groß,Brighton,31,21,21,1821,0,6,0.15,1.04,0.5,16,0,0,61.4,47.1,769.4,4.01,1.49,0.15,2.08,4.01,2.38,3.71,0.25,1.88,0.5,0.15,1.14,1.68,11.5,2.82,27.2,0.1,0,0,0.84,0.5,0.35,0,0.05
Vicente Guaita,Crystal Palace,36,22,22,1980,0,0,0,0,0,0,0,0,32.1,23,590.2,0.14,0,0,0,0,0,0,0,0,0,0.41,0.05,29.8,34,0,0,0.05,0,0,0.05,0.14,0,0,0
Gonçalo Guedes,Wolves,26,13,8,707,0,1,0.13,2.41,0.76,18.4,0.13,0,25.4,17.5,290.8,1.39,1.01,0.25,1.14,1.77,1.14,3.42,0.13,1.02,0.13,0.89,1.39,0.38,3.54,3.8,19.4,0.13,0,0,1.39,3.04,0.63,0,0
Marc Guéhi,Crystal Palace,22,21,21,1890,0.05,0,0,0.33,0.19,9.1,0,0,57,49.4,991.7,3.38,0.05,0,0.14,0,0.14,0.71,0,2.9499999999999997,1.14,1.24,1.1,12,38.3,0.71,1.62,0.33,0,0,0.71,1.1,0,0,0
Bruno Guimarães,Newcastle Utd,25,17,17,1397,0,3,0.19,0.9,0.32,22.1,0,0,54.7,44.6,772.5,4.65,1.87,0.06,1.16,0.19,1.8699999999999999,2.97,0.45,2.58,1.35,0.58,0.39,2.32,13.2,1.16,17.2,0.19,0,0,1.42,2.71,0,0,0
Ýlkay Gündoðan,Manchester City,32,18,14,1252,0,2,0.14,2.23,0.58,18.5,0.14,0,57.3,50.1,767.1,5.83,1.58,0,2.01,1.01,2.6599999999999997,4.1,0.65,1.44,1.01,1.01,0.43,1.22,8.27,3.67,25,0,0,0,1.01,0.86,0.22,0.07,0
Darko Gyabi,Leeds United,18,1,0,8,0,0,0,10,0,17.8,0,0,40,40,720,0,0,0,0,0,0,0,0,40,0,0,0,0,10,10,30,0,0,0,0,10,0,0,0
Erling Haaland,Manchester City,22,20,19,1636,0,25,0.16,3.85,1.98,12.6,0,0.22,15.9,11.7,147.5,0.49,0.77,0,0.93,0,1.04,2.03,0.38,0.76,0.11,1.37,1.26,0.6,1.43,7.53,13.2,0.16,0,0,0.82,0.82,0.27,0.05,0
Lewis Hall,Chelsea,18,5,4,304,0,0,0,1.47,0.59,13.3,0,0,57.4,43.2,762.4,2.94,0.88,0.29,1.18,0.59,1.18,3.53,0,2.36,2.94,1.76,0.88,3.53,29.1,2.94,18.5,0.29,0,0,0.59,2.35,0.29,0,0
Luke Harris,Fulham,17,3,0,13,0,0,0,0,0,0,0,0,140,130,1720,10,0,0,0,0,0,0,0,0,0,0,0,0,0,0,60,0,0,0,10,0,0,0,0
Jack Harrison,Leeds United,26,19,17,1328,0,1,0.27,1.22,0.47,18.5,0.07,0,40.5,25.7,364.3,2.43,1.62,0.54,2.03,2.91,2.3,4.26,0.34,2.7,0.34,0.27,1.55,0.81,5.2,2.97,30.2,0.14,0,0,1.42,1.42,0.07,0,0
Kai Havertz,Chelsea,23,21,19,1591,0,5,0.06,2.32,0.96,11.7,0,0,29.3,23.6,285.9,1.47,0.73,0.06,1.07,0,1.07,1.98,0.17,2.04,0.34,2.88,2.15,1.64,4.46,5.82,21.8,0.17,0,0,2.32,0.85,1.36,0,0
Jan Paul van Hecke,Brighton,22,2,1,80,0,0,0,2.22,0,16.3,0,0,107.8,103.3,2095.6,13.3,0,0,0,0,0,0,0,0,4.44,1.11,2.22,2.22,23.3,2.22,8.89,0,0,0,0,0,0,0,0
Hwang Hee-chan,Wolves,27,17,9,690,0,0,0.13,0.78,0.39,20.3,0,0,21.7,16.5,236.9,0.91,0.78,0.13,1.04,0,1.04,2.21,0.13,3.12,0.13,0.26,2.86,0.65,5.19,2.21,13.8,0.13,0,0,1.56,1.3,0,0,0
Dean Henderson,Nott'ham Forest,25,18,18,1620,0,0,0,0,0,0,0,0,37.3,23.6,696.8,0.61,0.06,0,0,0,0,0.17,0,0,0,0.06,0,33.3,39.5,0,0,0.11,0,0,0.06,0.06,0,0,0.06
Jordan Henderson,Liverpool,32,17,10,919,0,0,0,1.18,0.29,23.1,0,0,74.4,60.7,1037.5,7.55,1.96,0.29,1.27,0,1.8599999999999999,3.04,0.1,1.56,0.98,0.49,0.59,1.76,13.6,1.67,19,0.1,0,0,0.49,0.29,0,0,0
Wayne Hennessey,Nott'ham Forest,36,2,2,180,0,0,0,0,0,0,0,0,28,22.5,755,1,0,0,0,0,0,0,0,0,0,0,0,26,32,0,0,0,0,0,0,0.5,0,0,0
Rico Henry,Brentford,25,21,21,1885,0,0,0.1,0.48,0.1,18.8,0,0,30.8,22.1,336.1,1.82,0.96,0.43,0.62,0,0.81,1.05,0.1,1.92,0.77,0.96,1.63,3.59,13,1.05,13.8,0,0,0,0.72,1,0.05,0,0
Son Heung-min,Tottenham,30,21,20,1728,0,4,0.16,2.66,1.3,18.9,0.26,0,29.5,21,274.1,1.09,0.99,0.16,1.72,3.65,1.77,3.59,0.42,1.35,0.36,0.31,0.63,0.26,4.01,3.18,21.8,0.05,0,0,0.47,1.3,0.42,0,0
Aaron Hickey,Brentford,20,10,9,739,0,0,0,0.49,0.12,21,0,0,38.5,31.2,452.9,3.05,0.61,0.12,0.12,0,0.12,0.85,0,2.44,1.34,0.49,0.73,2.68,12.9,1.1,11,0.49,0,0,0.85,2.07,0,0,0
Joseph Hodge,Wolves,20,5,1,169,0,0,0,0.53,0,12.7,0,0,45.8,36.3,561.6,3.68,0.53,0,0.53,0,0.53,1.05,0,5.26,0,0.53,1.05,2.63,13.2,1.58,16.3,0.53,0,0,1.05,0.53,0,0,0
Rob Holding,Arsenal,27,6,0,19,0,0,0,0,0,0,0,0,30,25,515,0,0,0,0,0,0,5,0,0,0,5,0,10,30,0,0,0,0,0,0,0,0,0,0
Mason Holgate,Everton,26,4,3,320,0,0,0,0.83,0,14,0,0,41.1,29.7,610,2.5,0.28,0,0.83,0,1.1099999999999999,1.67,0.56,2.78,1.67,1.67,1.67,7.5,24.2,1.11,3.06,0.28,0,0,0.83,1.11,0,0,0
Will Hughes,Crystal Palace,27,16,3,376,0,0,0,0.48,0.48,14.3,0,0,40.5,29.8,441.9,2.86,0.71,0,0.24,0.71,0.24,1.19,0,4.279999999999999,1.9,0.71,1.19,3.1,12.6,1.43,14.5,0.95,0,0,2.86,1.19,0,0,0.24
Omari Hutchinson,Chelsea,19,1,0,23,0,0,0,0,0,0,0,0,40,26.7,363.3,0,0,0,0,0,0,3.33,0,0,3.33,0,0,0,0,6.67,36.7,0,0,0,0,0,0,0,0
Pierre Højbjerg,Tottenham,27,22,22,1961,0,4,0.14,1.06,0.32,21.1,0,0,66.3,58.6,1046.9,5.78,1.15,0.23,0.92,0.05,1.1500000000000001,2.94,0.46,3.21,1.56,0.69,0.18,3.49,19,0.96,13.9,0.09,0,0,1.01,1.06,0.05,0,0
Kelechi Iheanacho,Leicester City,26,16,3,443,0,3,0.82,3.67,1.22,17.3,0,0,28.4,21.4,274.9,1.43,0.82,0,2.45,0.41,2.45,3.88,0.82,1.22,0,0.41,2.04,0.82,2.24,5.31,22.2,0,0,0,1.63,0.2,0.61,0,0
Danny Ings,West Ham,30,3,0,53,0,0,0,3.33,0,9.4,0,0,18.3,10,200,1.67,0,0,1.67,0,3.34,1.67,0,3.34,0,1.67,6.67,3.33,11.7,3.33,11.7,0,0,0,0,5,0,0,0
Danny Ings,Aston Villa,30,18,8,824,0,6,0,2.72,1.3,15.5,0,0.22,17.6,12.4,149,0.76,0.43,0,0.98,0,1.41,1.74,0.11,2.6100000000000003,0.11,1.74,1.3,1.3,2.83,5.33,15.1,0.33,0,0,0.87,0.54,0.98,0,0
Alexander Isak,Newcastle Utd,23,6,4,374,0,3,0,2.62,1.9,14.1,0,0.24,16.4,11.7,165.2,1.19,0.48,0,1.67,0,1.91,2.14,0,2.38,0.24,1.67,2.86,0.24,1.43,5.48,20.2,0,0,0,1.19,0.95,0.71,0,0
Alex Iwobi,Everton,26,21,21,1872,0,1,0.24,0.91,0.24,22.5,0,0,43.9,34.7,610.9,3.7,1.15,0.34,1.59,0.24,2.02,2.5,0.24,2.12,0.63,0.19,0.63,1.59,10.3,1.54,17.2,0.1,0,0,0.48,0.29,0.19,0.05,0
Daniel James,Leeds United,25,4,2,198,0,0,0,1.36,0.45,17.6,0,0,18.2,10.9,116.4,0.45,1.36,0.45,0.45,0,0.45,1.82,0,3.64,0.91,0,1.82,0.45,4.09,2.73,14.5,0,0,0,0.91,2.73,0,0,0
Daniel James,Fulham,25,12,3,360,0,1,0,2.5,0.5,13.5,0,0,29.3,19,256.5,0.5,1.5,0.25,1,0,1,2,0,1,0.25,0.25,1.25,1.75,4.5,3.5,23.5,0,0,0,0.25,2.5,0.25,0.25,0
Reece James,Chelsea,23,10,9,760,0,1,0.12,1.19,0.48,21.2,0.24,0,78.2,67.1,1067.7,3.93,1.43,0.24,1.31,1.55,1.31,2.98,0.24,1.9,0.95,1.55,1.07,2.02,17.1,1.79,31.7,0.36,0,0,0.83,1.07,0.36,0,0
Vitaly Janelt,Brentford,24,22,15,1419,0,2,0.06,0.51,0.25,12.1,0,0,40.3,31.8,543.4,2.85,0.63,0.25,0.57,0.06,0.76,2.09,0.19,2.28,1.08,1.33,1.01,2.91,14.4,1.58,9.62,0.06,0,0,0.89,0.95,0,0,0
Pontus Jansson,Brentford,31,7,6,515,0,0,0,0.18,0,15.4,0,0,42.3,34.4,669.3,1.58,0,0,0,0,0.18,0.18,0,2.8000000000000003,1.4,2.98,1.58,8.25,30.5,0.7,0.7,0,0,0,0.18,0.18,0.18,0,0
Mathias Jensen,Brentford,27,22,22,1675,0,3,0.22,0.75,0.22,23.5,0.11,0,49.4,33.7,664.2,3.71,0.91,0.32,1.34,2.96,1.4500000000000002,3.17,0.48,3.54,1.18,0.38,0.7,1.29,12.6,1.08,20.9,0.16,0,0,1.13,0.65,0.05,0,0
Gabriel Jesus,Arsenal,25,14,14,1219,0,5,0.37,3.7,1.48,10.9,0,0,29.8,24.1,356.1,1.7,0.89,0.07,1.63,0,1.7,4.22,0.52,2.2199999999999998,0.59,1.78,3.41,1.19,3.93,9.11,25.6,0.3,0,0,1.78,2.81,0.59,0.07,0
Raúl Jiménez,Wolves,31,7,3,325,0,0,0,3.33,1.11,15,0,0,17.5,12.2,148.3,0.83,0.56,0,0.83,0,0.83,1.67,0,3.88,0,3.33,2.5,1.67,2.5,5.56,15,0,0,0,1.11,1.94,1.67,0,0
Joelinton,Newcastle Utd,26,20,19,1690,0,2,0.05,1.65,0.59,14.3,0,0,42.5,34.8,512.1,2.66,0.85,0.16,1.01,0.21,1.12,2.82,0.27,3.8200000000000003,1.44,2.02,2.23,2.55,10.5,3.56,20.9,0.48,0,0,1.97,1.06,0.05,0.05,0
Ben Johnson,West Ham,23,10,6,554,0,0,0,0,0,0,0,0,54.8,40,752.6,3.06,0.81,0.48,0.48,0,0.48,1.29,0,2.9,0.97,1.61,0.97,5.48,27.9,0.16,9.35,0,0,0,0.32,0.32,0,0,0
Brennan Johnson,Nott'ham Forest,21,22,20,1796,0,5,0.1,1.6,0.8,17.1,0,0.05,15.9,8.7,122,0.45,0.6,0.15,0.9,0.05,0.9,1.75,0.3,2.1,0.1,0.65,1.75,0.15,2.35,3.4,14.3,0.2,0,0,1.15,0.55,0.5,0,0
Curtis Jones,Liverpool,22,6,1,189,0,0,0,1.9,0.48,17.1,0,0,65.7,56.2,848.1,4.29,1.43,0,0.95,0,1.43,4.29,0,0.96,0.48,0,0,1.43,12.4,4.76,30,0.48,0,0,1.43,2.38,0,0,0
Jorginho,Arsenal,31,1,0,32,0,0,0,2.5,0,18.9,0,0,75,60,847.5,2.5,0,0,0,0,0,0,0,0,0,2.5,2.5,0,20,5,17.5,0,0,0,0,2.5,0,0,0
Jorginho,Chelsea,31,18,15,1279,0,2,0,0.21,0.07,34.1,0,0.14,62.3,52.8,844.9,6.13,0.63,0,0.49,0,0.63,2.04,0.14,2.54,1.48,0.56,0.77,2.54,19.2,0.56,12.5,0.28,0,0,0.85,1.62,0,0,0
Diogo Jota,Liverpool,26,4,2,196,0,0,0.45,1.36,0.45,7.8,0,0,29.1,17.3,245.5,1.82,0.91,0.45,3.18,0,3.6300000000000003,3.18,0.45,1.82,0.91,1.36,2.27,3.18,9.55,5,16.8,0.45,0,0,1.36,1.82,0.91,0,0
Hamed Junior Traorè,Bournemouth,22,2,2,150,0,0,0,0.59,0,35.1,0.59,0,33.5,20.6,355.9,2.35,2.35,1.18,2.94,2.94,2.94,3.53,0,3.52,0.59,0,0.59,0,4.71,1.76,24.1,0,0,0,0.59,0,0,0,0
James Justin,Leicester City,24,14,14,1252,0,0,0,0.36,0,23.4,0,0,58.9,48,748.5,3.45,0.86,0.5,0.5,0,0.5,1.51,0.14,3.45,1.08,1.65,2.3,3.45,21.3,0.58,15.5,0,0,0,0.58,2.09,0.14,0.07,0
Mathias Jørgensen,Brentford,32,13,8,745,0.12,0,0,0.36,0.12,8.5,0,0,40.8,32.8,558.1,2.77,0,0,0.12,0,0.12,0.36,0.12,4.1,1.69,1.2,1.2,7.71,25.3,0.84,2.41,0.12,0,0,0.72,0.36,0.24,0,0
Sasa Kalajdzic,Wolves,25,1,1,45,0,0,0,2,0,4.4,0,0,8,4,52,0,0,0,0,0,0,0,0,0,2,0,0,0,4,4,8,0,0,0,0,2,0,0,0
Boubacar Kamara,Aston Villa,23,15,14,1195,0,0,0.08,0.3,0.08,29.7,0,0,53.9,45.3,749.7,3.76,0.3,0,0.38,0,0.38,1.43,0.23,3.76,0.83,1.43,1.05,3.46,18.5,0.45,7.89,0.23,0,0,1.58,1.43,0,0,0
Harry Kane,Tottenham,29,23,23,2055,0,17,0.04,3.55,1.58,15.5,0.09,0.09,23.5,16.3,302.2,2.37,1.32,0.18,1.71,0,2.06,3.68,0.39,1.5,0.04,1.75,2.02,0.75,2.46,4.78,15.9,0.18,0,0,0.83,1.4,0.48,0.04,0
N'Golo Kanté,Chelsea,31,2,2,174,0,0,0,1.05,0.53,21.9,0,0,67.9,56.3,797.9,4.74,1.58,0.53,1.58,0,1.58,3.68,0.53,1.06,1.58,0,1.05,0.53,7.89,2.11,28.4,0,0,0,0,0,0.53,0,0
Michael Keane,Everton,30,1,0,23,0,0,0,0,0,0,0,0,13.3,6.67,70,3.33,0,0,0,0,0,3.33,0,0,0,0,3.33,13.3,20,0,10,0,0,0,3.33,0,0,0,0
Neeskens Kebano,Fulham,30,12,9,713,0,0,0.38,1.14,0.25,15.2,0,0,23.8,17.6,234.2,0.25,1.14,0.38,1.39,0.25,1.39,2.66,0.63,3.04,0.13,0.13,1.52,1.27,5.82,3.42,21,0,0,0,1.01,1.9,0.25,0,0
Thilo Kehrer,West Ham,26,17,17,1485,0.06,0,0,0.42,0.06,19.7,0,0,47.1,39.2,694.2,2.48,0.06,0,0.12,0,0.12,0.91,0.12,1.33,1.33,1.15,1.45,5.52,25.7,0.73,5.58,0.24,0,0,1.39,0.48,0,0,0.06
Naby Keïta,Liverpool,28,6,2,247,0,0,0,3.7,0,20.6,0,0,53.7,41.1,583.3,5.56,0.74,0,2.59,0,2.59,4.07,0,0.74,0.37,0.74,1.85,1.11,8.15,4.07,20.4,0,0,0,2.96,0.74,0,0,0
Lloyd Kelly,Bournemouth,24,10,10,900,0,0,0.2,0.2,0,8.7,0,0,49,38.8,774.6,2.9,0.3,0.2,0.3,0,0.3,0.4,0.2,2.4,1.3,1.9,0.8,8.9,36.3,0.5,3.6,0.2,0,0,0.8,0.2,0,0,0.1
Max Kilman,Wolves,25,22,22,1980,0,0,0,0.36,0,8.8,0,0,57.8,47.8,920.8,3.64,0.18,0,0.05,0,0.05,0.59,0.09,4.09,0.68,2.14,1.27,12.8,42.3,0.64,1.45,0.14,0,0,0.45,0.23,0,0,0
Mateusz Klich,Leeds United,32,14,0,280,0,0,0,1.29,0.32,21.7,0,0,47.7,34.8,455.2,1.94,1.61,0,1.61,0.97,1.61,2.26,0,2.58,0,0.32,0.65,0.97,8.06,2.9,27.4,0.65,0,0,3.23,0.97,0,0,0
Robin Koch,Leeds United,26,20,20,1752,0.05,0,0,0.31,0.05,12.6,0,0,47.3,36,696.6,3.54,0.15,0,0.05,0,0.15000000000000002,0.31,0,2.77,1.49,2.56,1.49,7.85,30.7,0.56,2.31,0.26,0,0,1.23,0.56,0,0,0
Ibrahima Konaté,Liverpool,23,5,4,382,0.24,0,0,0.71,0.24,9.6,0,0,64,55,961.7,2.38,0.24,0,0,0,0,0.95,0,0.96,2.14,2.86,1.67,8.33,43.1,1.19,2.62,0,0,0,1.19,0.71,0.24,0,0
Ezri Konsa,Aston Villa,25,21,20,1792,0,0,0,0.2,0,8,0,0,51.4,44.3,813.2,1.91,0.2,0.1,0.2,0,0.25,0.35,0.05,1.8,0.8,1.66,1.21,8.49,33.6,0.45,2.06,0.15,0,0,0.35,1.86,0,0,0
Kalidou Koulibaly,Chelsea,31,14,12,1115,0,2,0,0.73,0.32,12.5,0,0,77.3,66.1,1156,4.6,0.4,0,0.4,0,0.4,1.29,0.16,2.26,1.45,1.77,1.45,7.58,39.8,1.21,4.35,0.4,0.08,0.08,1.45,0.48,0,0,0
Cheikhou Kouyaté,Nott'ham Forest,33,12,9,704,0,1,0,0.64,0.64,17.1,0,0,26.4,20.4,326.3,1.41,0.26,0,0.64,0,0.64,0.9,0,3.34,0.64,1.79,0.64,3.46,13.5,1.28,6.54,0.26,0,0,1.92,0.9,0,0,0
Mateo Kova?i?,Chelsea,28,15,7,835,0,0,0.11,1.29,0,25.6,0,0,68.9,57.7,951.9,8.39,1.29,0.11,1.08,0,1.73,3.01,0.22,1.08,1.29,0.43,0.75,1.83,14,0.32,15.3,0.32,0,0,1.08,0.54,0,0,0
Emil Krafth,Newcastle Utd,28,1,0,1,0,0,0,0,0,0,0,0,0,0,0,0,0,0,0,0,0,0,0,0,0,0,0,0,1,0,0,0,0,0,0,0,0,0,0
Dejan Kulusevski,Tottenham,22,15,13,1132,0,2,0.4,1.67,0.48,17.2,0,0,33.4,25.5,350.9,0.63,1.67,0.48,1.98,0.71,2.14,4.13,0.63,1.58,0.16,0.24,0.24,1.03,7.46,5.32,23.7,0,0,0,1.19,1.03,0.08,0,0
Layvin Kurzawa,Fulham,30,3,2,135,0,0,0,0,0,0,0,0,27.3,18.7,272,0.67,0.67,0.67,0,0,0,0,0,1.34,1.33,0,1.33,5.33,23.3,0,7.33,0.67,0,0,0.67,0,0,0,0
Adam Lallana,Brighton,34,16,12,722,0,2,0.13,1,0.63,13.3,0,0,39.6,32.8,379.1,2.88,1.13,0.13,1.75,0.13,1.75,2.75,0.25,1.5,0.25,1,1.13,0.75,5.38,4.13,18.9,0,0,0,0.25,0.88,0,0,0
Tariq Lamptey,Brighton,22,18,2,409,0,0,0,0.67,0,17.3,0,0,59.1,46.4,675.6,2.67,1.78,1.11,0.67,0,0.89,2.67,0,2.22,1.33,0.44,1.33,3.11,15.8,3.56,33.3,0.22,0,0,1.33,2.67,0,0,0
Manuel Lanzini,West Ham,29,5,1,126,0,0,0,1.43,0,31,0,0,59.3,48.6,785,4.29,1.43,0,0,0,0,1.43,0,1.42,0,0,0.71,0,10.7,0,15.7,0,0,0,0.71,0,0.71,0,0
Aymeric Laporte,Manchester City,28,5,4,376,0,0,0,1.67,0,16.8,0,0,74.8,68.6,1166.9,7.62,1.19,0,0.71,0,0.95,0.95,0,2.86,0.24,3.33,1.67,8.1,26.4,1.67,16.4,0,0,0,0,0.48,0,0,0
Juan Larios,Southampton,19,5,2,152,0,0,0,0,0,0,0,0,48.2,37.1,518.2,2.94,0,0,0,0,0,0.59,0.59,2.36,1.76,1.18,2.94,5.88,18.8,1.18,11.8,0,0,0,0.59,0,0,0,0
Jamaal Lascelles,Newcastle Utd,29,4,1,107,0,0,0,0.83,0,8.5,0,0,21.7,17.5,360.8,0.83,0,0,0,0,0,0,0,5,0,3.33,0.83,12.5,23.3,0.83,0.83,2.5,0,0,3.33,1.67,0,0,0
Roméo Lavia,Southampton,19,13,11,893,0,1,0,0.51,0.2,25.7,0,0,37.9,32.8,589.4,4.55,0.51,0,0.51,0.1,0.71,1.31,0,4.24,1.62,0.4,0.3,1.62,10.1,0,7.98,0.4,0,0,1.01,1.92,0,0,0
Dexter Lembikisa,Wolves,19,1,0,23,0,0,0,0,0,0,0,0,43.3,33.3,600,6.67,0,0,0,0,0,3.33,0,0,0,0,3.33,0,10,0,10,0,0,0,0,0,0,0,0
Mario Lemina,Wolves,29,4,3,192,0,0,0,0.48,0,32.7,0,0,43.3,38.1,639,1.43,1.43,0.48,0.48,0,0.48,0.95,0,5.72,0.95,1.9,0,4.29,18.1,0,8.57,1.43,0.48,0.48,1.43,0.95,0,0,0
Clément Lenglet,Tottenham,27,13,11,935,0,0,0.19,0.67,0,15.7,0,0,69.2,60.8,1143,3.94,0.38,0.29,0.48,0,0.48,1.06,0.29,2.89,0.96,2.21,1.06,8.65,39.5,0.77,5,0.19,0,0,0.77,0.96,0,0,0
Bernd Leno,Fulham,30,21,21,1890,0,0,0,0,0,0,0,0,37,29.1,725.6,0.38,0,0,0.05,0,0.05,0.1,0,0,0,0.38,0,31,39.4,0,0,0.1,0,0,0,0.05,0,0,0
Jefferson Lerma,Bournemouth,28,22,22,1973,0.05,2,0,0.73,0.14,16.2,0,0,43.2,35.3,553.3,3.11,0.59,0.05,0.41,0,0.55,1.28,0,1.56,1.1,1.92,1.14,5.62,18.3,1.23,8.68,0.14,0,0,0.91,1.14,0.09,0,0.09
Jamal Lewis,Newcastle Utd,25,1,0,8,0,0,0,0,0,0,0,0,120,100,1630,0,0,0,0,0,0,0,0,0,0,0,0,0,60,20,50,0,0,0,0,0,0,0,0
Rico Lewis,Manchester City,18,9,5,453,0,0,0,0.2,0.2,26.3,0,0,69.2,63.6,920.6,3.2,1.2,0.6,1.2,0,1.2,2.2,0,0.8,0.4,0,0.2,1.8,12.4,1.2,20.6,0.2,0,0,0.8,1.6,0,0,0
Keane Lewis-Potter,Brentford,21,9,3,306,0,0,0.29,2.06,0.59,14.1,0,0,20.6,11.8,143.8,0,0.59,0.29,1.47,0,1.76,2.35,0.59,2.94,0,0.59,1.18,1.18,6.18,5.29,18.2,0,0,0,0.29,1.18,0.29,0,0
Victor Lindelöf,Manchester Utd,28,8,4,452,0,0,0,0,0,0,0,0,63.2,58.4,1029.8,3.4,0,0,0,0,0,0,0,2,1,2.4,1,8.6,36,0,2,0,0,0,0.4,0,0,0,0
Jesse Lingard,Nott'ham Forest,30,14,11,861,0,0,0,1.04,0.21,19.3,0,0,27.7,22,329.2,2.71,0.73,0.1,1.04,0,1.1400000000000001,2.5,0.21,2.08,0.42,0.1,0.21,0.73,4.27,1.46,12.4,0.1,0,0,0.83,0.83,0.21,0,0
Diego Llorente,Leeds United,29,8,7,649,0,0,0,0.83,0,12.5,0,0,59.6,49.4,967.9,2.36,0,0,0,0,0,0.83,0.14,1.67,2.08,2.5,0.97,8.19,39.3,0.83,2.08,0.14,0,0,0.83,0.28,0,0,0
Hugo Lloris,Tottenham,36,21,21,1890,0.05,0,0,0,0,0,0,0,29.8,23.5,566,0.57,0,0,0,0,0,0.24,0,0,0.05,0.29,0.14,29.7,32.4,0,0,0,0,0,0,0.1,0,0,0
Renan Lodi,Nott'ham Forest,24,14,13,1099,0,0,0,0.74,0,20.3,0.16,0,42.9,30.2,528.4,1.31,0.82,0.41,0.49,0.57,0.49,1.56,0.08,2.14,1.48,0.9,1.07,3.85,20.3,0.74,12.6,0.16,0,0,1.23,1.8,0.08,0,0
Ruben Loftus-Cheek,Chelsea,27,15,13,1032,0.09,0,0,0.78,0.17,18.6,0,0,53.4,45.5,686.6,4.96,0.87,0,0.61,0,0.7,1.91,0.17,1.56,0.7,1.65,1.74,2.35,11.7,2.78,17.8,0.09,0,0,0.52,2.35,0.09,0,0
Sean Longstaff,Newcastle Utd,25,22,18,1685,0,1,0.16,1.07,0.32,16.1,0,0,42.5,33.4,559.9,3.1,0.8,0.21,0.96,0.11,1.28,2.35,0.21,2.99,0.64,0.91,1.07,1.76,10.1,2.51,14.8,0.11,0,0,1.02,1.34,0.11,0,0
Jamal Lowe,Bournemouth,28,2,0,12,0,0,0,0,0,0,0,0,40,20,180,0,10,0,0,0,0,0,0,0,0,0,0,0,0,0,10,0,0,0,0,0,0,0,0
Douglas Luiz,Aston Villa,24,20,16,1434,0,2,0.25,1.07,0.38,26.2,0.13,0,58.9,48.7,842.1,3.27,0.69,0.19,1.64,2.58,1.8299999999999998,3.21,0.31,2.76,1.38,1.07,0.94,1.89,16.4,0.44,13.8,0.13,0,0.06,1.57,1.26,0.06,0,0
Saa Luki?,Fulham,26,1,0,1,0,0,0,0,0,0,0,0,5,4,49,0,0,0,0,0,0,0,0,2,0,0,0,0,0,2,5,0,0,0,0,0,0,0,0
Lyanco,Southampton,26,13,7,697,0,0,0,1.04,0.39,21.4,0,0,44.2,31.3,581.7,2.6,0.13,0,0.13,0,0.26,0.78,0,2.5999999999999996,1.56,2.34,1.17,5.84,26,0.91,5.06,0.52,0,0,1.43,0.78,0,0,0
Alexis Mac Allister,Brighton,24,18,17,1547,0.06,5,0,2.03,0.76,24.7,0.35,0.17,57.8,51.1,839.1,4.88,0.7,0.06,1.05,0.41,1.22,2.5,0.23,1.6300000000000001,1.16,0.7,0.29,1.86,14,0.93,16.5,0.35,0,0,1.1,1.4,0,0,0
James Maddison,Leicester City,26,16,15,1273,0,9,0.35,3.19,1.06,20.2,0.5,0,45.9,35.3,595.6,5.04,0.92,0.14,2.48,2.55,2.69,4.61,0.5,1.14,0.64,0.14,0.5,0.64,5.53,4.04,24.3,0.43,0,0,1.21,2.55,0.14,0,0
Noni Madueke,Chelsea,20,2,1,112,0,0,0,1.67,0.83,18.6,0,0,47.5,37.5,526.7,4.17,1.67,0,1.67,0.83,1.67,1.67,0,8.33,0,0,0.83,0,8.33,3.33,29.2,0,0,0,0.83,0.83,0,0,0
Harry Maguire,Manchester Utd,29,9,4,391,0,0,0,0.23,0,5.7,0,0,57,50,969.5,4.42,0,0,0.23,0,0.23,0.47,0,6.04,1.63,2.09,1.86,7.91,34.7,0.93,3.95,0.7,0,0,0.7,0.47,0,0,0
Riyad Mahrez,Manchester City,31,16,10,898,0,4,0.3,2.4,0.9,15.6,0.1,0,56.8,47.9,792.4,2.2,2.4,0.6,2.3,2.7,2.8,5.7,1.1,2.4,0.4,0.3,0.8,0.3,3.9,5.7,39.7,0.2,0,0,0.7,1.7,0.3,0,0
Ainsley Maitland-Niles,Southampton,25,11,6,634,0,0,0,0,0,0,0,0,42.4,34.6,571.3,4,0.86,0.43,0.86,0,1,1.71,0,3.42,1.29,1,0.86,4,17.6,0.57,9,0.43,0,0,0.57,0.57,0,0,0
Tyrell Malacia,Manchester Utd,23,13,9,845,0,0,0,0.32,0.11,20.7,0,0,47.6,39.5,550.6,2.55,0.21,0,0.11,0.21,0.11,0.43,0,1.91,1.6,0.53,0.32,3.72,22.7,0.74,13.9,0.32,0,0,2.23,0.85,0.11,0,0
Orel Mangala,Nott'ham Forest,24,14,10,693,0,0,0,0.78,0.13,21.6,0,0,35.8,28.8,433.4,2.34,0.26,0,0.26,0,0.39,1.17,0,2.08,1.3,0.78,0.52,1.56,9.22,0.65,8.18,0.13,0,0,1.17,1.56,0,0,0
Javier Manquillo,Newcastle Utd,28,1,0,11,0,0,0,0,0,0,0,0,70,40,680,0,0,0,0,0,0,0,0,0,0,0,0,10,20,0,40,0,0,0,0,0,0,0,0
Sekou Mara,Southampton,20,14,3,327,0,0,0.28,3.89,0.56,15.6,0,0,15.6,11.1,152.5,1.67,0.56,0,1.11,0,1.3900000000000001,2.22,0.56,2.22,0,4.17,6.11,0.28,3.89,4.44,16.7,0,0,0,3.33,1.11,0.83,0,0
Solly March,Brighton,28,21,21,1807,0,5,0.2,2.34,0.9,16.9,0.05,0,42.7,31,555.7,2.04,1.54,0.45,1.54,1.79,1.6400000000000001,3.93,0.35,2.48,0.9,1.14,1.54,1.79,6.82,4.23,30.6,0.1,0,0,1.59,1.49,0.45,0,0
Emiliano Marcondes,Bournemouth,27,1,0,9,0,0,0,0,0,0,0,0,10,10,560,10,0,0,0,0,0,0,0,0,0,0,0,10,10,0,0,0,0,0,0,10,0,0,0
Marquinhos,Arsenal,19,1,0,1,0,0,0,0,0,0,0,0,3,2,34,0,0,0,0,0,0,0,0,0,0,0,0,0,0,0,1,0,0,0,0,0,0,0,0
Anthony Martial,Manchester Utd,27,9,6,458,0,3,0.39,2.16,0.98,12.9,0,0.2,26.1,21,258,1.76,0.78,0,0.98,0,1.37,1.76,0.78,1.18,0.2,0.98,0.59,0.59,0.98,4.51,19.2,0,0,0,0.78,0.59,0.59,0.2,0
Martinelli,Arsenal,21,21,21,1726,0,7,0.1,2.71,0.94,16.5,0.1,0,36.7,26.8,428.4,1.25,1.41,0.16,1.93,2.71,2.14,4.32,0.57,1.6600000000000001,0.36,0.47,1.88,0.47,4.43,7.45,32.3,0.1,0,0,1.3,1.3,0.26,0,0
Emiliano Martínez,Aston Villa,30,19,19,1654,0,0,0,0,0,0,0,0,35.3,26.2,695.3,0.71,0,0,0.11,0,0.16,0.16,0,0,0.05,0.27,0,31.3,37.4,0,0,0.16,0,0,0,0.16,0,0,0
Lisandro Martínez,Manchester Utd,25,20,18,1568,0,1,0,0.23,0.06,16.9,0,0,65,56.4,1013.4,3.85,0.29,0,0.29,0,0.63,0.86,0,4.02,1.49,1.49,1.21,12.6,40.2,0.34,2.53,0.23,0,0,0.98,0.46,0,0,0
Pape Matar Sarr,Tottenham,20,4,1,137,0,0,0,0.67,0,28,0,0,64.7,60,891.3,4.67,0,0,0.67,0,0.67,0.67,0,0,3.33,0.67,1.33,5.33,27.3,0.67,9.33,0.67,0,0,2,2,0,0,0
Jean-Philippe Mateta,Crystal Palace,25,18,4,511,0,1,0,3.16,1.05,12.3,0,0,18.4,13,153,0.7,0,0,0.88,0,0.88,1.05,0.18,1.06,0.35,3.51,5.44,2.11,4.56,4.39,14.7,0.35,0,0,1.75,0.88,0.7,0,0
Joël Matip,Liverpool,31,9,7,642,0.14,0,0,0,0,0,0,0,67.7,57.3,1061.8,4.08,0.7,0,0.28,0,0.28,1.27,0,1.12,1.41,1.13,1.97,10,39.9,0.56,4.23,0.14,0,0,0.56,0.56,0.14,0,0
Neal Maupay,Everton,26,14,7,712,0,1,0,2.03,0.89,14.9,0,0,19.5,14.6,190.3,0.76,0.25,0,0.63,0,0.63,1.14,0,1.02,0.25,1.27,2.91,0.13,2.28,3.16,14.1,0.38,0,0,1.27,2.03,0.13,0,0
Kevin Mbabu,Fulham,27,6,1,144,0,0,0.63,0,0,0,0,0,58.8,42.5,656.9,2.5,3.13,1.88,1.25,0,1.25,1.88,0.63,2.5,1.88,1.25,3.75,2.5,23.8,0,23.8,0.63,0,0,2.5,0,0,0,0
Bryan Mbeumo,Brentford,23,22,22,1657,0,5,0.11,1.96,0.92,17.4,0,0.05,27.3,18.2,283.9,0.82,1.36,0.43,1.36,1.9,1.52,2.55,0.38,1.2,0.22,0.92,1.79,0.65,5.71,3.37,21.1,0.22,0,0,0.71,0.65,0.16,0,0
John McGinn,Aston Villa,28,17,14,1223,0,0,0.07,1.54,0.37,23.8,0,0,38.8,29.2,530.3,4.56,0.81,0.29,0.59,0.66,0.74,2.43,0.37,3.67,0.88,0.96,0.66,1.25,8.24,1.18,13.3,0.29,0,0,1.47,1.91,0,0.07,0
Scott McKenna,Nott'ham Forest,26,18,17,1462,0,0,0,0.12,0,8.2,0,0,42.8,34,678.5,2.1,0.19,0.06,0.43,0,0.43,0.56,0.06,2.46,0.68,1.91,1.36,9.01,29.9,0.99,2.41,0.25,0,0,0.49,0.25,0,0,0.06
Weston McKennie,Leeds United,24,2,1,123,0,0,0,0,0,0,0,0,43.6,30,430.7,2.86,0.71,0,0,0,0,0.71,0,5.72,2.14,4.29,0.71,4.29,16.4,0,12.1,0.71,0,0,2.86,0,0,0,0
Dwight McNeil,Everton,23,19,11,981,0,2,0.18,1.19,0.18,18.9,0,0,36.7,26.5,446.5,1.56,1.1,0.46,1.38,2.48,1.5599999999999998,3.67,0.37,3.3,0.73,0.37,1.01,1.47,8.81,1.93,21.3,0.18,0,0,0.37,0.64,0.09,0,0
Scott McTominay,Manchester Utd,26,15,7,753,0,0,0,0.83,0.36,14.2,0,0,31.8,25.7,410.1,2.02,0.12,0,0.36,0,0.48,1.43,0,1.67,1.07,2.38,1.67,5.95,15.7,1.67,9.4,0.6,0,0,2.26,0.6,0,0,0.12
Ben Mee,Brentford,33,21,21,1838,0,3,0,0.74,0.2,9.5,0,0,49.4,37,705.6,1.72,0.2,0,0.15,0,0.15,0.54,0,3.4299999999999997,1.37,3.82,2.21,8.28,31.9,1.86,4.22,0.05,0,0,0.49,0.49,0.05,0,0
Edouard Mendy,Chelsea,30,9,8,765,0,0,0,0,0,0,0,0,31.5,25.1,586.7,0.47,0,0,0,0,0,0,0,0,0,0.24,0,29.1,33.3,0,0,0.12,0,0,0,0.24,0,0,0
Nampalys Mendy,Leicester City,30,11,3,420,0,1,0,0.43,0.21,21.1,0,0,51.7,44.9,693.2,1.91,0.21,0,0.21,0,0.21,0.85,0,3.41,1.49,0.21,1.06,1.28,15.5,0.21,4.04,0,0,0,0.64,1.28,0,0,0
Chris Mepham,Bournemouth,25,18,17,1559,0.06,0,0,0.35,0.12,11.8,0,0,40.7,33.6,631.4,1.45,0.12,0,0.17,0,0.17,0.29,0,3.4699999999999998,0.92,1.85,1.16,12,34.7,0.4,0.98,0.29,0,0,0.69,0.35,0,0,0
Illan Meslier,Leeds United,22,21,21,1890,0,0,0,0,0,0,0,0,30.3,18.2,456.2,0.33,0.05,0,0,0,0,0.1,0,0,0.05,0.29,0.05,26.7,32.6,0,0.05,0.1,0,0,0.05,0.1,0,0,0
Alexander Mighten,Nott'ham Forest,20,1,0,8,0,0,0,0,0,0,0,0,10,10,110,0,0,0,0,0,0,0,0,0,0,0,0,0,10,0,30,0,0,0,0,10,0,0,0
Luka Milivojevi?,Crystal Palace,31,11,2,293,0,0,0,1.52,0,25.4,0.3,0,49.1,40,683.6,3.33,0.3,0,0.61,0,0.61,0.61,0,4.84,1.82,1.82,0.61,4.85,21.8,0,10.6,0,0,0,2.42,0.61,0,0,0
James Milner,Liverpool,37,14,5,546,0,0,0.16,0.98,0.16,16.2,0,0,68.9,51,941,5.74,1.8,0.66,1.48,1.8,1.64,4.43,0.33,3.61,1.64,1.15,1.48,2.46,18.7,3.28,27,0.16,0,0,1.15,1.31,0,0,0
Yerry Mina,Everton,28,3,3,234,0,1,0,1.15,0.77,12.4,0,0,66.9,60,1054.2,3.85,0,0,0,0,0,0.38,0,1.5299999999999998,0.77,2.69,2.69,9.62,35.4,1.15,3.46,0.38,0,0,1.54,1.15,0,0,0
Tyrone Mings,Aston Villa,29,19,19,1710,0.05,0,0.05,0.05,0,19.1,0,0,49.9,41.9,831.1,3.05,0.16,0,0.16,0,0.21000000000000002,0.79,0.16,2.32,1.68,1.58,0.89,9.47,32.8,0.58,1.89,0.21,0,0,0.68,0.63,0.05,0.05,0
Tyrick Mitchell,Crystal Palace,23,20,18,1460,0,0,0.12,0.19,0.06,11.3,0,0,49.8,35.3,573,3.33,0.68,0.31,0.49,0,0.49,1.05,0.12,2.72,1.3,0.86,0.86,3.77,21.9,0.99,12,0.25,0,0.06,1.05,0.43,0,0,0
Kaoru Mitoma,Brighton,25,16,9,930,0,5,0.1,1.84,1.07,12.3,0,0,43.4,34.8,474.6,1.55,1.46,0,1.26,0.19,1.36,3.69,0.58,2.34,0.39,0.68,0.39,1.07,7.67,5.92,29.3,0,0,0,0.49,0.97,0.39,0,0
Aleksandar Mitrovi?,Fulham,28,19,19,1633,0,11,0.06,4.2,1.33,15.1,0,0.17,21.9,13.2,204.5,1.16,0.39,0.06,0.83,0,1.05,2.93,0.5,1.6600000000000001,0.17,4.64,4.64,1.22,3.65,6.57,15.5,0.28,0,0,1.6,1.71,0.66,0.11,0
Kieffer Moore,Bournemouth,30,20,12,1119,0,4,0,1.37,0.48,11,0,0,25.6,15,206.9,1.29,0.4,0,0.32,0,0.32,1.29,0.16,1.6099999999999999,0.08,4.44,4.11,2.34,3.87,3.31,11.7,0,0,0,1.77,2.26,0.08,0,0
Andrew Moran,Brighton,19,1,0,12,0,0,0,0,0,0,0,0,20,10,130,0,0,0,0,0,0,0,0,20,0,0,0,0,0,0,10,0,0,0,0,0,0,0,0
Álex Moreno,Aston Villa,29,3,1,216,0,0,0,2.5,0.42,19.1,0,0,69.2,48.3,634.6,1.25,1.25,0.83,1.25,0,1.25,2.08,0,1.67,0,0.83,0.42,2.92,20.4,3.75,26.3,0.42,0,0,2.5,1.67,0,0,0
Mason Mount,Chelsea,24,21,19,1539,0,3,0.12,1.81,0.53,19.2,0.12,0,43.2,32.5,488.1,3.1,1.46,0.29,1.7,1.99,1.99,3.16,0.41,2.46,0.41,0.47,0.7,0.99,6.14,3.22,24.9,0.18,0,0,1.4,1.52,0.06,0,0
Lucas Moura,Tottenham,30,8,0,98,0,0,0,0.91,0,11.9,0,0,49.1,34.5,448.2,1.82,3.64,0.91,0.91,0.91,0.91,4.55,0,0,1.82,1.82,0.91,0,9.09,4.55,34.5,0,0,0,0.91,2.73,0,0,0
João Moutinho,Wolves,36,20,16,1396,0,0,0.13,0.77,0.06,20.7,0.19,0,53.4,43.7,813.8,5.68,1.23,0.26,1.81,1.23,2.13,3.23,0.19,2.45,0.9,0.39,1.1,2.19,12.8,0.58,15.4,0.13,0,0,1.48,0.65,0.06,0,0
Divin Mubama,West Ham,18,1,0,4,0,0,0,0,0,0,0,0,1,1,14,0,0,0,0,0,0,0,0,0,0,0,0,0,0,0,0,0,0,0,0,1,0,0,0
Mykhailo Mudryk,Chelsea,22,3,2,147,0,0,0,0.63,0,6.1,0,0,31.3,25,264.4,3.13,1.88,0,0,0,0.63,2.5,0,1.26,0,0.63,1.25,0.63,10,5,18.1,0,0,0,0.63,1.88,0,0,0
Jacob Murphy,Newcastle Utd,27,22,5,557,0,1,0.16,1.94,0.81,17.5,0,0,30.3,18.9,278.2,0.48,2.26,0.32,1.13,0.48,1.7799999999999998,2.9,0.32,2.58,0.32,0.32,0.81,0.97,4.68,5.32,23.2,0,0,0,1.13,0.65,0.16,0,0
Enock Mwepu,Brighton,25,6,2,213,0,0,0.42,0.83,0.42,16.7,0,0,32.5,25.4,341.3,2.08,0.83,0,1.25,0,1.25,2.92,0.83,2.5,0.42,0,2.92,0.42,5,2.92,22.1,0,0,0,0.83,0.42,0.83,0,0
Vitaliy Mykolenko,Everton,23,21,21,1778,0,0,0,0.35,0.1,22.6,0,0,45.7,34.8,548.4,3.18,0.86,0.4,0.66,0.1,0.7100000000000001,1.57,0.1,3.34,1.31,0.71,1.26,3.99,19.5,0.81,12.4,0.15,0,0,0.96,0.66,0,0,0
Keylor Navas,Nott'ham Forest,36,2,2,180,0,0,0,0,0,0,0,0,40,23,714.5,0.5,0,0,0,0,0,0,0,0,0,0,0,37.5,42,0,0,0,0,0,0,0,0,0,0
Wilfred Ndidi,Leicester City,26,15,10,898,0,0,0,0.5,0.2,23.6,0,0,58.3,50.7,778.3,4,0,0,0.1,0,0.1,0.7,0.1,3.4,1.7,0.9,1.4,4.7,23.1,0.4,6,0.3,0,0,1.7,0.7,0,0,0.1
Reiss Nelson,Arsenal,23,2,0,65,0,2,1.43,4.29,4.29,9.5,0,0,55.7,50,581.4,0,2.86,1.43,2.86,0,2.86,5.71,2.86,0,0,0,1.43,0,7.14,11.4,51.4,0,0,0,2.86,2.86,0,0,0
Neto,Bournemouth,33,12,12,1035,0,0,0,0,0,0,0,0,30.1,18.9,623.3,0.7,0,0,0,0,0,0,0,0,0,0.17,0.17,27.5,32.2,0,0,0.26,0,0,0,0.26,0,0,0
Pedro Neto,Wolves,22,8,8,599,0,0,0,1.64,0.3,20.7,0,0,35.8,26.4,433.6,1.19,0.9,0.45,1.94,2.99,1.94,4.03,0.45,0.6,0.45,0,0.45,0.3,5.82,5.52,29.4,0.15,0,0,0.75,1.04,0.3,0,0
Rúben Neves,Wolves,25,21,21,1890,0,5,0,1.9,0.38,27,0.38,0.1,62.2,51.4,1105.6,5.95,0.43,0.05,0.81,0.19,0.9500000000000001,2.14,0.1,3.05,1.43,0.76,0.81,6,26.3,0.67,10.9,0.33,0,0,0.81,0.38,0,0,0.05
Moussa Niakhate,Nott'ham Forest,26,2,2,160,0,0,0,1.67,1.11,8.5,0,0,27.8,21.1,416.1,1.11,0,0,0,0,0,0,0,1.12,0.56,6.11,3.33,12.2,32.2,1.67,2.22,0,0,0,1.67,0,0,0,0
Rasmus Nissen,Leeds United,25,14,13,1133,0,0,0.08,0.56,0.08,14.7,0,0,53.6,37.6,612.1,2.78,1.11,0.16,0.56,0,0.56,1.59,0.16,3.01,1.67,1.59,1.11,3.65,21.9,1.19,16.1,0.32,0,0,1.27,0.32,0.08,0,0
Eddie Nketiah,Arsenal,23,19,7,781,0,4,0,3.45,1.49,12.1,0,0,22.8,18.6,258.6,0.69,0.69,0,0.57,0,0.57,2.3,0.11,1.14,0.11,0.8,2.87,1.03,2.87,7.01,19.9,0.11,0,0,2.53,1.95,0.8,0,0
Matheus Nunes,Wolves,24,19,17,1408,0,0,0.06,1.41,0.38,18.2,0,0,38.3,30.6,557.4,3.01,0.58,0.06,1.15,0.45,1.3399999999999999,2.37,0.13,1.92,0.64,0.77,0.9,2.31,11.3,2.18,16.3,0.06,0,0,1.67,1.54,0,0,0.06
Darwin Núñez,Liverpool,23,15,11,989,0,5,0.18,5.55,2.27,15.4,0,0,19.1,12.3,176.4,0.55,0.55,0.09,1.64,0.09,1.73,3.18,0.09,1.64,0.18,2.27,2.64,0.64,2.36,9.18,21.7,0.09,0,0.09,1.09,0.91,1.18,0,0
Ethan Nwaneri,Arsenal,15,1,0,1,0,0,0,0,0,0,0,0,0,0,0,0,0,0,0,0,0,0,0,2,0,0,0,0,0,0,1,0,0,0,0,0,0,0,0
Christian Nørgaard,Brentford,28,12,11,959,0,1,0.19,0.93,0.56,11.6,0,0,42.2,30.7,495,3.83,0.37,0,0.65,0,0.8400000000000001,1.96,0.47,2.99,2.15,0.84,0.93,4.49,17.8,2.15,8.5,0.09,0,0,1.4,0.93,0,0,0
Lewis O'Brien,Nott'ham Forest,24,13,6,584,0,1,0,1.08,0.31,23.8,0,0,32.9,25.5,428.5,2.92,0.46,0,0.62,0,0.62,3.23,0,4,0.77,0.31,0.92,2.92,11.1,0.46,10.9,0.31,0,0,0.77,2.31,0,0,0
Angelo Ogbonna,West Ham,34,7,5,477,0,0,0,0.19,0,11.1,0,0,30.2,25.5,502.1,0.19,0.19,0,0.38,0,0.38,0.57,0,0.76,1.32,2.08,2.64,6.42,23.4,0.75,1.7,0,0,0,0,0.38,0,0,0
Michael Olise,Crystal Palace,21,21,15,1375,0,2,0.26,1.5,0.33,21.4,0.13,0,48.4,34,563.7,2.61,1.37,0.39,2.29,3.33,2.36,4.25,0.26,3.27,0.59,0.39,0.92,0.78,8.17,2.75,29.1,0.13,0,0,0.85,1.76,0.2,0,0
Robin Olsen,Aston Villa,33,3,2,236,0,0,0,0,0,0,0,0,42.7,25,675,0.77,0,0,0,0,0,0,0,0,0,0,0,38.8,45.4,0,0,0,0,0,0,0,0,0,0
Amadou Onana,Everton,21,19,17,1485,0,1,0.06,1.21,0.18,15.9,0,0,38.1,32.1,525.9,3.27,0.42,0,0.61,0,0.79,1.33,0.06,2.06,1.15,2,2.06,2.36,11.6,1.82,9.94,0.36,0,0,1.82,2.06,0,0,0
Josh Onomah,Fulham,25,2,0,15,0,0,0,0,0,0,0,0,30,20,270,0,0,0,0,0,0,0,0,10,0,5,0,0,15,0,20,0,0,0,0,0,0,0,0
Paul Onuachu,Southampton,28,2,1,118,0,0,0,0.77,0.77,11.1,0,0,23.1,15.4,228.5,3.08,0,0,2.31,0,2.31,3.08,0,0,0,11.5,10,0.77,1.54,7.69,20,0,0,0,2.31,0.77,0.77,0,0
Frank Onyeka,Brentford,25,12,4,442,0,0,0.2,0.61,0.2,10.9,0,0,26.3,19.8,302.2,2.24,0.61,0,1.02,0,1.02,2.45,0.82,3.26,1.02,1.02,2.04,2.45,12,2.65,10,0,0,0,1.84,2.24,0.2,0,0
Mislav Ori?,Southampton,30,1,0,7,0,0,0,0,0,0,0,0,30,20,160,0,0,0,0,0,0,0,0,0,0,0,0,0,20,0,20,0,0,0,0,0,10,0,0
Dango Ouattara,Bournemouth,21,3,3,258,0,0,0.69,3.45,0.69,11.9,0,0,23.4,15.9,270.3,2.76,1.38,1.03,1.38,0,1.38,3.1,0.69,1.38,1.38,3.1,1.72,3.79,8.97,4.83,16.9,0,0,0,0.69,1.38,0.69,0,0
Alex Oxlade-Chamberlain,Liverpool,29,8,4,314,0,1,0,2,0.86,16.3,0,0,28.3,20.9,344.6,2.29,0.57,0,1.43,0,2,2.57,0,2.29,0.29,0.29,1.14,0.86,4.86,4.29,18.3,0,0,0,0.86,1.14,0.29,0,0
David Ozoh,Crystal Palace,17,1,0,1,0,0,0,0,0,0,0,0,3,3,24,0,0,0,0,0,0,0,0,0,0,0,0,0,0,0,4,0,0,0,0,0,0,0,0
João Palhinha,Fulham,27,22,22,1955,0,3,0,1.29,0.32,16.4,0,0,34.9,28.1,488.8,3.46,0.09,0,0.14,0,0.14,0.88,0,2.94,1.38,2.17,1.24,2.44,11.4,1.24,7.42,0.37,0,0,1.15,1.24,0.05,0,0
Cole Palmer,Manchester City,20,9,0,119,0,0,0,1.54,0,13.8,0,0,55.4,47.7,784.6,1.54,3.85,0.77,2.31,0.77,2.31,3.85,0,0,0.77,0.77,0.77,1.54,6.92,11.5,41.5,0.77,0,0,0.77,2.31,0.77,0,0
Emerson Palmieri,West Ham,28,11,7,547,0,1,0,1.15,0.49,14.4,0,0,46.1,36.2,503.1,2.46,1.15,0.33,0.98,0,0.98,2.62,0,2.3,0.98,1.64,0.49,2.95,13.6,2.62,18,0.16,0,0,1.15,0.82,0,0,0
Lucas Paquetá,West Ham,25,15,14,1084,0,2,0.17,2.58,0.67,19.2,0,0.08,47.6,37.5,596.7,3.83,1.08,0.17,1.08,0,1.6600000000000001,3.08,0.33,3.66,0.83,1.75,1.08,2.33,11.8,2.33,16.3,0.25,0,0,2.25,1.5,0.08,0,0
Thomas Partey,Arsenal,29,18,18,1539,0,2,0,1.29,0.18,20.7,0,0,71.5,61.6,1084,8.07,0.76,0.06,1.11,0,1.4000000000000001,3.04,0.23,1.63,1.17,1.17,0.94,2.75,15.6,0.82,16.1,0.12,0,0,1.11,0.64,0,0,0
Nathan Patterson,Everton,21,13,11,988,0,0,0,0.73,0.09,18.2,0,0,47,36,530.1,1.45,0.55,0.18,0.36,0,0.44999999999999996,1.55,0,3.45,1,0.64,0.73,4.45,21.2,1.45,17.7,0.27,0,0,0.73,0.91,0.09,0,0
Ben Pearson,Bournemouth,28,7,3,286,0,0,0,0.63,0.31,25.2,0,0,41.9,33.8,566.9,2.5,0,0,0,0,0,0.63,0,2.5,0.63,0.63,0.94,2.5,17.5,0,5.31,0.31,0,0,2.81,0.63,0,0,0
Facundo Pellistri,Manchester Utd,21,1,0,32,0,0,0,0,0,0,0,0,20,20,260,0,0,0,0,0,0,2.5,2.5,0,0,0,0,0,2.5,0,12.5,0,0,0,2.5,2.5,0,0,0
Andreas Pereira,Fulham,27,23,23,1904,0,2,0.28,1.42,0.52,21.9,0.42,0.05,35.6,23,433.5,2.78,0.85,0.42,2.45,3.96,2.45,4.06,0.38,1.7,0.19,0.33,0.94,0.57,3.4,1.98,20.4,0.28,0,0,1.32,1.13,0.09,0,0.05
Ricardo Pereira,Leicester City,29,1,0,3,0,0,0,0,0,0,0,0,1,1,9,0,0,0,0,0,0,0,0,0,0,0,2,0,0,0,2,0,0,0,0,0,0,0,0
Ayoze Pérez,Leicester City,29,8,3,382,0,0,0.24,1.9,0.48,15.9,0,0,40.7,28.1,404.3,3.1,1.43,0,2.62,2.62,3.81,3.33,0.48,2.86,0.48,0.48,0.95,0.71,9.05,4.05,25.7,0,0,0,1.67,2.86,0,0,0
Ivan Perii?,Tottenham,34,23,16,1420,0,0,0.32,0.95,0.19,13.5,0.06,0,48,31.1,549.7,1.14,1.65,1.14,2.03,3.16,2.03,2.97,0.32,2.2800000000000002,1.01,1.14,1.27,2.34,13.9,3.73,24.4,0.19,0,0,1.27,0.13,0.25,0,0
Romain Perraud,Southampton,25,20,14,1179,0.08,2,0.15,1.76,0.31,21.5,0,0,41.8,28.9,408,2.21,0.61,0.31,0.92,0.08,1,2.44,0.38,1.98,1.22,0.61,1.45,1.91,15.3,2.37,21.1,0.15,0,0,1.22,0.76,0.23,0,0
Kalvin Phillips,Manchester City,27,3,0,21,0,0,0,5,0,28.1,0,0,100,80,1515,20,0,0,0,0,0,5,0,20,0,0,0,15,35,0,20,0,0,0,15,0,0,0,0
Nathaniel Phillips,Liverpool,25,2,1,66,0,0,0,1.43,0,10.8,0,0,117.1,101.4,1948.6,10,0,0,0,0,0,1.43,0,0,2.86,5.71,0,4.29,37.1,1.43,2.86,0,0,0,1.43,0,0,0,0
Jordan Pickford,Everton,28,20,20,1800,0,0,0.05,0,0,0,0,0,36.8,22.8,726.7,1.45,0.05,0,0.1,0,0.15000000000000002,0.3,0.05,0,0.1,0.2,0.15,29.9,39,0,0,0.2,0,0,0.05,0.1,0,0,0.05
Ethan Pinnock,Brentford,29,14,14,1260,0.07,0,0,0.5,0.21,8.6,0,0,35.8,26.1,469.9,1.64,0,0,0.29,0,0.29,0.64,0.14,2,1,4,2.07,12.1,30.4,1.79,3.79,0,0,0,0.29,0.29,0,0,0
Daniel Podence,Wolves,27,21,16,1312,0,5,0,2.26,0.89,16.7,0,0,34.1,23.2,382.2,1.71,2.05,0.34,1.92,1.23,2.4,3.7,0.14,1.78,0.27,0.41,0.62,0.62,6.44,3.9,23.8,0.27,0,0,1.51,1.3,0.14,0,0
Nick Pope,Newcastle Utd,30,22,22,1980,0,0,0,0,0,0,0,0,25.7,17.6,489.5,0.41,0,0,0,0,0,0.05,0,0,0,0.09,0,23.3,27.7,0,0,0.14,0,0,0,0,0,0,0
Pedro Porro,Tottenham,23,1,1,74,0,0,0,0,0,0,0,0,38.8,30,410,1.25,1.25,1.25,0,0,0,0,0,2.5,2.5,1.25,1.25,0,23.8,0,7.5,0,0,0,0,3.75,0,0,0
Dennis Praet,Leicester City,28,12,4,377,0,1,0,0.48,0.24,15.4,0,0,32.4,24,344,0.95,0.71,0,0,0.24,0.24,1.19,0,3.34,0.48,0,2.14,1.67,8.1,0.95,15.2,0.24,0,0,1.19,1.67,0.24,0,0
Isaac Price,Everton,19,1,0,33,0,0,0,0,0,0,0,0,35,30,507.5,2.5,0,0,2.5,0,2.5,5,0,5,0,0,0,2.5,12.5,0,5,2.5,0,0,0,0,0,0,0
Christian Pulisic,Chelsea,24,16,6,609,0,1,0.15,2.21,0.59,16.8,0,0,33.7,27.2,362.8,1.76,0.15,0,1.62,0,1.62,2.94,0.44,1.18,0.29,0.59,2.35,0.44,6.32,4.71,23.7,0.15,0,0,1.32,2.06,0,0,0
Aaron Ramsdale,Arsenal,24,21,21,1890,0,0,0,0,0,0,0,0,28.9,19.2,500.1,0.86,0.1,0,0,0,0,0.1,0,0,0,0.14,0,22.4,30.4,0,0,0,0,0,0,0.14,0,0,0
Jacob Ramsey,Aston Villa,21,18,15,1236,0.07,2,0.15,0.88,0.51,19.2,0,0,36.6,30.3,424.8,3.28,0.8,0,1.24,0,1.24,2.77,0.22,4.67,1.09,0.66,1.53,1.9,8.69,2.26,15.2,0.29,0,0,1.09,1.9,0.07,0,0
Marcus Rashford,Manchester Utd,25,22,20,1795,0,11,0.15,3.02,1.31,15.9,0.2,0,25.8,19.4,280.3,1.06,1.61,0.1,0.85,0,0.95,2.66,0.4,2.42,0.25,0.85,1.51,0.5,3.32,5.48,21,0.1,0,0,0.4,0.75,0.45,0,0
David Raya,Brentford,27,22,22,1980,0,0,0,0,0,0,0,0,42.6,26.9,921,1.95,0.14,0,0.09,0,0.09,0.32,0.05,0.1,0,0.5,0.05,32.6,42.3,0,0,0.05,0,0,0,0.09,0,0,0
Tim Ream,Fulham,35,23,23,2067,0,1,0,0.13,0.09,9.8,0,0,57,49.2,1075.5,3.7,0,0,0.04,0,0.04,0.83,0,2.7899999999999996,1.52,1.26,0.78,9.13,34.3,0.52,2.13,0.09,0,0,0.48,0.26,0.04,0,0
Nathan Redmond,Southampton,28,1,0,1,0,0,0,0,0,0,0,0,1,0,0,0,0,0,0,0,0,0,0,0,0,0,0,0,0,0,1,0,0,0,0,0,0,0,0
Harrison Reed,Fulham,28,22,22,1815,0,2,0.05,0.79,0.2,20.5,0,0,38.1,28.7,444.3,2.52,0.99,0.4,1.04,0.1,1.04,2.08,0.15,3.17,0.69,0.94,1.09,1.83,8.37,1.29,13.5,0.25,0,0,0.94,0.69,0.1,0,0
Bobby Reid,Fulham,30,22,22,1817,0,4,0.05,1.24,0.45,13.3,0,0,35.3,24.5,378.3,1.44,1.24,0.35,0.64,0,0.64,2.03,0.15,2.08,0.69,0.45,1.39,2.38,9.5,2.72,18.7,0.35,0,0,1.53,0.79,0.3,0.1,0.05
Declan Rice,West Ham,24,22,22,1980,0,1,0.05,1.14,0.18,24.9,0,0,60.2,52.8,968.8,7.05,0.36,0.14,1.18,0.18,1.27,3,0.14,2.27,1.59,1.05,0.68,3.09,17.8,0.64,11.7,0.14,0,0,0.77,0.23,0.05,0,0
Chris Richards,Crystal Palace,22,7,3,348,0,0,0,1.03,0,9.1,0,0,35.1,29,566.7,1.79,0,0,0.26,0,0.26,0.51,0,4.62,2.05,2.31,0.51,10,26.2,1.28,4.62,0,0,0,0.26,0.26,0.26,0,0
Richarlison,Tottenham,25,14,5,503,0,0,0.36,2.5,0.89,12.7,0,0,28,20.7,314.6,1.79,1.43,0.36,1.61,0,2.1500000000000004,3.39,0.54,3.2199999999999998,0.71,0.71,1.61,1.25,8.75,5.18,19.3,0.36,0,0,1.25,2.14,0.54,0.18,0
Jaïro Riedewald,Crystal Palace,26,4,0,49,0,0,0,0,0,0,0,0,70,52,702,2,0,0,0,2,0,0,0,4,0,2,2,12,32,0,20,0,0,0,2,0,0,0,0
Matt Ritchie,Newcastle Utd,33,2,0,4,0,0,0,0,0,0,0,0,3,2,19,0,0,0,0,0,0,0,0,0,0,0,0,0,0,0,0,0,0,0,0,0,0,0,0
Andrew Robertson,Liverpool,28,18,15,1322,0,0,0.34,0.61,0.07,14.5,0,0,75.5,59.5,1019.1,3.4,1.36,0.68,2.04,3.33,2.04,3.95,0.48,2.04,0.75,0.75,0.88,2.86,24.5,2.65,26.1,0,0,0,0.68,0.48,0.14,0,0
Antonee Robinson,Fulham,25,20,20,1738,0,0,0,0.05,0,27.8,0,0,53.9,39.5,678.6,3.01,1.24,0.67,0.67,0,0.67,1.92,0.1,3.5200000000000005,1.4,1.09,0.83,3.68,21.6,0.93,16.4,0.26,0,0,0.83,0.62,0.1,0,0.05
Marc Roca,Leeds United,26,20,19,1461,0,1,0.06,0.93,0.37,21.8,0.06,0,53.2,40.9,662.7,6.67,0.68,0,1.05,0.86,1.05,1.54,0.12,2.59,1.17,0.8,0.62,1.91,13.8,1.11,12.9,0.25,0,0,1.23,0.93,0,0,0
Marek Rodák,Fulham,26,2,2,180,0,0,0,0,0,0,0,0,30.5,14.5,585,0,0,0,0,0,0,0,0,0,0,0.5,0,29,32.5,0,0,0,0,0,0,0,0,0,0
Rodri,Manchester City,26,20,20,1733,0,1,0.21,1.61,0.36,18.2,0,0,96.9,88.4,1639.3,9.22,1.09,0.05,1.14,0,1.19,3.42,0.47,2.9,1.14,2.44,1.19,3.63,22.6,1.81,20.3,0.16,0,0,1.61,0.57,0.1,0,0
Rodrigo,Leeds United,31,18,17,1296,0,10,0.07,3.61,1.32,16.4,0.14,0.07,27.1,19,280.6,1.32,0.76,0.14,0.9,0.07,1.1800000000000002,2.08,0.14,1.3900000000000001,0.21,1.32,2.92,1.04,3.4,5.42,16.8,0.21,0,0,1.11,0.28,0.49,0,0
Mads Roerslev,Brentford,23,14,10,933,0,0,0,0.29,0,14.8,0,0,24.4,15.7,245,1.15,0.58,0.38,0.67,0,0.8600000000000001,1.15,0.1,2.12,0.67,0.67,0.87,3.85,13.7,1.06,8.75,0,0,0,0.19,0.29,0,0,0
Cristian Romero,Tottenham,24,14,13,1194,0,0,0,0.45,0.15,14.7,0,0,58.9,51.2,940.9,3.23,0.38,0,0.23,0,0.31,0.6,0,2.4,1.43,2.11,0.9,10.9,34.5,0.6,4.21,0.53,0.08,0.08,1.65,0.38,0,0,0
Oriol Romeu,Southampton,31,1,1,74,0,0,0,0,0,0,0,0,37.5,35,566.3,0,2.5,0,0,0,0,3.75,0,2.5,1.25,2.5,0,2.5,6.25,1.25,17.5,0,0,0,1.25,2.5,0,0,0
Cristiano Ronaldo,Manchester Utd,38,10,4,525,0,1,0,4.31,1.03,17.7,0.17,0,27.9,20.9,243.4,1.21,0.17,0,1.03,0,1.37,1.72,0,0,0.17,2.59,1.38,1.38,4.31,5.52,18.3,0.34,0,0,1.21,0.86,1.38,0,0
Connor Ronan,Wolves,24,1,0,1,0,0,0,0,0,0,0,0,4,3,37,3,0,0,0,0,0,1,0,0,0,0,0,0,0,0,1,0,0,0,0,0,0,0,0
Salomón Rondón,Everton,33,7,1,109,0,0,0,3.33,0.83,19.3,0,0,24.2,18.3,169.2,1.67,0.83,0,1.67,0,1.67,3.33,0,1.66,0,5.83,5,0.83,1.67,3.33,15.8,0,0,0,3.33,0,1.67,0,0
Joe Rothwell,Bournemouth,28,7,1,157,0,0,0,0.59,0.59,29.6,0.59,0,41.2,35.3,595.3,2.94,2.35,0,1.76,2.35,2.35,2.94,0,2.36,1.18,0,1.18,2.94,12.4,0.59,12.4,0,0,0,1.18,0.59,0,0,0
Georginio Rutter,Leeds United,20,2,0,52,0,0,0,0,0,0,0,0,13.3,5,78.3,0,0,0,0,0,0,1.67,0,0,1.67,5,1.67,3.33,6.67,3.33,18.3,0,0,0,1.67,3.33,0,0,0
José Sá,Wolves,30,22,22,1980,0,0,0,0,0,0,0,0,34.1,24.5,603.6,0.32,0,0,0,0,0,0,0,0,0,0.23,0.05,32.5,35.9,0,0,0,0,0,0,0.18,0,0,0
Marcel Sabitzer,Manchester Utd,28,2,1,91,0,0,0,3,1,22.1,0,0,53,43,695,4,3,1,3,0,3,4,0,6,1,1,0,5,16,2,26,1,0,0,2,0,0,0,0
Allan Saint-Maximin,Newcastle Utd,25,14,6,635,0,1,0.42,2.39,0.85,17.4,0,0,35.2,23.9,399.4,2.11,2.54,0.28,1.55,0,1.69,4.37,0.85,0.56,0.56,0.14,0,0.7,5.35,5.07,27,0.14,0,0,0.42,1.55,0.14,0,0
Bukayo Saka,Arsenal,21,21,21,1801,0,7,0.4,2.45,0.75,15.5,0,0.05,39.5,30.4,452.9,1.15,1.95,0.45,2.45,2.45,2.45,4.8,0.8,2.1,0.55,0.3,1.15,0.45,4.35,5.95,34.5,0.2,0,0,1.15,1.65,0.2,0,0
Mohamed Salah,Liverpool,30,20,20,1776,0,7,0.2,3.15,1.22,14.7,0,0,27.3,20.5,265.4,1.17,1.98,0.15,1.93,0,2.08,3.76,0.41,1.12,0.2,0.15,0.61,0.15,2.34,7.51,25.9,0,0,0,0.71,0.61,0.71,0,0
William Saliba,Arsenal,21,21,21,1875,0.05,2,0.05,0.24,0.14,10.4,0,0,64.8,59.4,1051,3.13,0.1,0,0.19,0,0.19,0.48,0.05,1.05,0.82,1.78,1.49,7.02,32.7,0.48,1.73,0.19,0,0,0.77,0.43,0,0,0.1
Mohammed Salisu,Southampton,23,21,21,1889,0.05,0,0.05,0.76,0.19,12.1,0,0,55,40.4,745.1,3.76,0.33,0.19,0.33,0,0.38,1.1,0.1,5.050000000000001,1.43,2.57,1.24,9.81,34.4,1.05,5.76,0.24,0,0,1.19,0.14,0.05,0,0
Albert Sambi Lokonga,Arsenal,23,6,2,198,0,0,0,0,0,0,0,0,63.6,60,1055,7.73,0.45,0,0.45,0,0.9,1.82,0,0.9,2.27,1.36,0.91,2.73,14.5,0,13.2,0,0,0,0.45,2.27,0,0,0
Albert Sambi Lokonga,Crystal Palace,23,2,0,54,0,0,0,0,0,0,0,0,70,58.3,1050,1.67,0,0,0,0,0,0,0,6.67,1.67,1.67,0,6.67,31.7,0,6.67,1.67,0,0,1.67,1.67,0,0,0
Davinson Sánchez,Tottenham,26,13,6,573,0,0,0,0.63,0.31,13,0,0,63.4,55.6,1005.3,4.38,0.16,0.16,0.16,0,0.16,0.63,0,2.8199999999999994,1.56,2.5,1.41,9.84,40,1.25,5,0.16,0,0,0.78,0.63,0.16,0,0.16
Robert Sánchez,Brighton,25,21,21,1890,0,0,0,0,0,0,0,0,34.3,26,601,0.52,0,0,0,0,0,0.05,0,0,0.14,0.29,0,30.5,36.2,0,0,0.05,0,0,0.05,0,0,0,0.05
Jadon Sancho,Manchester Utd,22,11,10,746,0,3,0.12,0.96,0.6,15.3,0,0,38.8,31.8,383,0.84,2.05,0,2.05,0,2.17,4.58,0.72,1.44,0.48,0.24,0.96,0.24,5.3,5.3,26.1,0,0,0,0.36,0.6,0.36,0,0
Morgan Sanson,Aston Villa,28,2,0,11,0,0,0,0,0,0,0,0,70,50,550,0,0,0,0,0,0,0,0,0,0,0,10,10,10,0,40,0,0,0,0,20,0,0,0
Pablo Sarabia,Wolves,30,3,2,194,0,0,0,2.27,0,14.7,0,0,33.2,24.5,352.7,1.36,0.45,0,0.45,3.18,0.45,2.73,0,0.9,0,0.45,2.73,0,8.18,2.27,18.2,0,0,0,0.91,0.91,0.45,0,0
Jeremy Sarmiento,Brighton,20,7,1,165,0,0,0.56,2.78,1.11,20.5,0,0,32.8,25.6,337.8,2.22,1.67,0.56,1.11,0,1.11,4.44,1.11,0,0.56,0,2.22,0,6.67,5.56,21.7,0.56,0,0,2.22,2.22,0,0,0
Gianluca Scamacca,West Ham,24,16,11,926,0,3,0,2.91,0.97,18.7,0.1,0,17.2,11.5,195.5,1.36,0.49,0.1,1.26,0,1.26,2.33,0.1,0.58,0.39,1.65,2.04,0.49,1.26,3.69,12.4,0.29,0,0,1.55,0.97,0.58,0,0
Gustavo Scarpa,Nott'ham Forest,29,4,2,160,0,0,0,3.33,0.56,25.6,0,0,36.1,25,537.8,5,0,0,0.56,0.56,1.12,5,0,3.34,0,0.56,1.11,1.11,10.6,0.56,13.3,0.56,0,0,1.67,3.89,0,0,0
Kevin Schade,Brentford,21,3,0,27,0,0,0,0,0,0,0,0,30,16.7,193.3,0,0,0,0,0,0,3.33,3.33,6.66,0,6.67,3.33,0,6.67,6.67,26.7,3.33,0,0,3.33,0,0,0,0
Fabian Schär,Newcastle Utd,31,21,21,1873,0,1,0,1.54,0.43,15.1,0.1,0,52.9,40,823.9,4.13,0.63,0.05,0.58,0,0.77,1.78,0.1,2.3,1.78,2.64,1.25,7.45,31.7,2.07,5.96,0.19,0,0,0.48,0.72,0.19,0,0
Jeffrey Schlupp,Crystal Palace,30,22,19,1630,0,1,0,0.88,0.33,18.5,0,0,35.7,27.3,439.6,2.27,0.33,0,0.33,0,0.39,1.44,0.17,3.1,1.1,0.77,1.27,2.65,11.6,1.38,9.83,0.28,0,0,1.99,1.16,0,0,0
Nélson Semedo,Wolves,29,20,15,1272,0,0,0.07,0.21,0,23.8,0,0,47.7,38.3,591.4,2.91,0.57,0.21,0.5,0,0.71,1.42,0.14,3.12,1.06,0.92,1.06,4.68,19.8,0.85,15.7,0.35,0,0.07,1.63,0.99,0,0,0
Antoine Semenyo,Bournemouth,23,2,1,102,0,0,0,0.91,0,18.6,0,0,16.4,10,181.8,0.91,0,0,0,0,0,3.64,0,1.82,0.91,3.64,3.64,0.91,4.55,1.82,10.9,0,0,0,0.91,2.73,0,0,0
Marcos Senesi,Bournemouth,25,18,17,1428,0,1,0,0.13,0.06,5.1,0,0,46.2,36.2,732.5,2.7,0.13,0.06,0.19,0,0.19,0.44,0.06,2.76,1.45,0.75,0.69,11.6,37.8,0.5,1.76,0.13,0,0,0.94,0.5,0,0,0.13
Ryan Sessegnon,Tottenham,22,17,9,813,0,2,0,2,0.67,14.6,0,0,43.3,31.1,454.8,1.78,1.22,0.33,0.67,0,0.89,2.56,0.22,1.78,0.67,1.11,1.11,3.22,17.4,3,18.7,0.44,0,0,1.67,0.67,0.78,0,0
Luke Shaw,Manchester Utd,27,18,17,1503,0,1,0.06,0.36,0.18,17.2,0,0,74.3,61.1,927.1,5.87,1.26,0.6,1.08,0.54,1.1400000000000001,2.34,0.3,3.48,1.32,1.44,1.08,5.03,26.2,0.9,18.4,0.24,0,0,1.68,0.84,0,0,0
Jonjo Shelvey,Newcastle Utd,30,3,0,37,0,0,0,0,0,0,0,0,65,47.5,1105,10,0,0,0,0,0,0,0,5,0,0,0,0,20,0,5,0,0,0,2.5,0,0,0,0
Jonjo Shelvey,Nott'ham Forest,30,1,0,35,0,0,0,0,0,0,0,0,60,47.5,1195,15,7.5,2.5,5,0,5,7.5,0,5,0,0,0,0,17.5,0,7.5,0,0,0,0,0,0,0,0
Bernardo Silva,Manchester City,28,20,16,1410,0,2,0.32,1.08,0.32,18.2,0,0,61.3,52.7,837.1,3.18,1.34,0.38,1.46,0.45,1.52,3.5,0.57,1.91,0.64,0.13,0.32,1.15,9.94,4.2,30.5,0.13,0,0,0.64,0.7,0.13,0.06,0
Thiago Silva,Chelsea,38,20,19,1794,0,0,0.1,0.5,0.05,11.9,0,0,80.7,72.8,1383.5,4.52,0.5,0,0.2,0,0.2,0.6,0.1,3.02,1.46,2.06,0.95,13.8,47.2,0.9,1.91,0.05,0,0,0.4,0.5,0,0,0
Ellis Simms,Everton,22,2,0,17,0,0,0,0,0,0,0,0,20,15,335,5,5,0,0,0,5,5,5,0,0,5,10,0,0,0,10,0,0,0,0,0,0,0,0
Luis Sinisterra,Leeds United,23,12,8,537,0,2,0,2.17,0.83,17.3,0,0,36.7,30.2,420,2,1.33,0.17,0.67,0,1,3.67,0.17,1.34,1,1.67,1.5,0.33,4.33,3.17,22.2,0.5,0.17,0.17,1.5,1.5,0.5,0,0.17
Oliver Skipp,Tottenham,22,8,3,198,0,0,0,0.45,0.45,12.6,0,0,45.5,35.5,504.5,1.36,1.36,0.45,1.36,0,1.81,1.82,0,0.9,0,0.45,0.91,3.18,13.6,0.91,16.8,0.91,0,0,1.82,0.91,0,0,0
Adam Smith,Bournemouth,31,21,21,1805,0,0,0.05,0.15,0.05,12.5,0,0,41.1,31.6,538.8,2.49,0.85,0.5,0.35,0,0.35,0.7,0.05,2.29,0.7,0.7,1.29,2.94,19.8,0.45,8.81,0.35,0,0,1.04,0.65,0,0,0
Emile Smith Rowe,Arsenal,22,5,0,52,0,0,0,3.33,1.67,17.5,0,0,36.7,31.7,465,1.67,3.33,0,5,3.33,5,5,0,0,0,0,3.33,1.67,13.3,1.67,23.3,0,0,0,1.67,0,0,0,0
Cédric Soares,Arsenal,31,2,0,29,0,0,0,0,0,0,0,0,80,63.3,856.7,0,0,0,0,0,0,3.33,0,6.66,0,0,3.33,6.67,26.7,0,33.3,0,0,0,3.33,0,0,0,0
Cédric Soares,Fulham,31,1,0,1,0,0,0,0,0,0,0,0,2,2,27,1,0,0,0,0,0,0,0,0,0,0,0,0,0,0,0,0,0,0,0,0,0,0,0
Dominic Solanke,Bournemouth,25,17,16,1431,0,3,0.19,2.26,1.01,14.2,0,0,15.8,11,147.2,0.57,0.38,0,0.57,0,0.6299999999999999,1.57,0.44,1.5,0.13,1.57,2.58,1.51,5.22,3.96,12.6,0.06,0,0,1.38,1.76,0.31,0,0
Manor Solomon,Fulham,23,5,0,79,0,1,0,2.22,2.22,18.6,0,0,25.6,20,302.2,2.22,2.22,0,1.11,0,1.11,2.22,1.11,0,1.11,2.22,0,2.22,12.2,1.11,17.8,0,0,0,0,0,0,0,0
Tomá Sou?ek,West Ham,27,22,18,1655,0,1,0.05,1.03,0.33,11.4,0,0,34.3,25.1,427,2.39,0.33,0.16,0.49,0,0.49,1.96,0.05,3.15,1.58,3.26,2.45,3.75,15.1,2.45,8.91,0.05,0,0,1.52,0.6,0.05,0,0
Boubakary Soumaré,Leicester City,23,14,12,836,0,0,0,0.11,0,28,0,0,53.8,47.8,719.1,3.44,0.11,0,0.22,0,0.33,0.54,0,1.08,1.72,0.97,0.97,2.58,20.2,0,4.3,0.43,0,0,1.51,1.08,0,0,0
Harry Souttar,Leicester City,24,2,2,180,0.5,0,0.5,0,0,0,0,0,42.5,35.5,687.5,3.5,0,0,0.5,0,0.5,0.5,0.5,2,0.5,2,0,7.5,22.5,0.5,0.5,0.5,0,0,1,0,0,0,0
Çaðlar Söyüncü,Leicester City,26,2,1,79,0,0,0,0,0,0,0,0,54.4,43.3,741.1,2.22,0,0,0,0,0,0,0,4.44,1.11,0,1.11,12.2,41.1,0,0,1.11,0,0,1.11,0,0,0,0
Djed Spence,Tottenham,22,4,0,7,0,0,0,10,0,8.9,0,0,90,50,600,0,0,0,0,0,0,0,0,0,0,10,0,0,30,20,80,0,0,0,0,0,0,0,0
Jack Stacey,Bournemouth,26,9,3,297,0,0,0,0.3,0,16,0,0,38.2,21.8,319.4,1.82,0.3,0.3,0,0,0,0.3,0,1.8199999999999998,1.52,1.52,0.91,5.15,20,0.61,14.2,0.61,0,0,1.21,0,0.3,0,0
Junior Stanislas,Bournemouth,33,4,0,61,0,0,0,1.43,0,24.5,0,0,40,31.4,470,4.29,0,0,2.86,1.43,2.86,5.71,0,5.72,0,0,1.43,0,4.29,4.29,22.9,0,0,0,0,0,0,0,0
Jay Stansfield,Fulham,20,3,1,87,0,0,0,2,0,13.9,0,0,23,9,82,0,0,0,1,0,1,4,1,8,1,0,1,2,7,7,15,0,0,0,1,1,0,0,0
Jack Stephens,Southampton,29,2,0,46,0,0,0,0,0,0,0,0,56,46,796,6,0,0,0,0,0,0,0,4,2,2,0,8,16,0,16,0,0,0,2,0,0,0,0
Jack Stephens,Bournemouth,29,5,3,273,0,0,0,0,0,0,0,0,30,24.3,537.7,1.33,0,0,0.67,0,0.67,0.67,0,2,0,0.67,1,7,26.3,0.33,0.67,0.33,0,0,0.33,0.33,0,0,0
Raheem Sterling,Chelsea,28,16,14,1144,0,4,0.16,1.65,0.79,12.7,0,0,31.2,23.3,300.2,1.34,1.65,0.47,1.73,0.55,2.04,3.15,0.16,1.88,0.08,0,0.47,0.16,3.07,5.28,26.8,0.24,0,0,1.18,1.5,0.55,0,0
John Stones,Manchester City,28,14,13,1181,0.08,0,0.15,0.53,0.08,13,0,0,80.3,75.6,1287.1,5.73,0.15,0,0.38,0.08,0.38,0.84,0.23,1.38,0.38,1.53,0.84,4.35,26.4,1.15,10.1,0.08,0,0,0.38,0.53,0.08,0,0
Pascal Struijk,Leeds United,23,20,20,1677,0,2,0.05,0.7,0.32,12.3,0,0,57.5,45.4,646.7,4.14,0.65,0.16,0.65,0,0.65,1.51,0.11,2.6900000000000004,1.4,2.37,1.83,3.28,20.5,1.34,18.5,0.22,0,0,1.34,0.59,0,0,0.05
Kamaldeen Sulemana,Southampton,20,2,1,135,0,0,0,4.67,0.67,23.2,0,0,31.3,20.7,353.3,2,0.67,0,1.33,0,1.33,6,0,0,0,0.67,0.67,0,6,6,28.7,0,0,0,0,0.67,0,0,0
Crysencio Summerville,Leeds United,21,14,5,673,0,4,0.13,1.73,0.67,15.9,0,0,30.1,22.5,278.5,1.33,0.93,0.27,0.93,0,0.93,3.07,0.27,2.66,0.53,0.4,1.07,0.53,6.67,3.33,21.2,0.27,0,0,1.47,2.4,0.4,0.13,0
Sam Surridge,Nott'ham Forest,24,14,1,264,0,1,0,3.1,0.69,11.6,0,0,22.4,9.66,130,1.38,0,0,0.34,0,0.34,1.38,0.34,2.76,0,4.14,4.48,2.76,8.28,4.83,18.3,0.69,0,0,2.76,2.76,1.03,0,0
Japhet Tanganga,Tottenham,23,2,2,141,0,0,0,0,0,0,0,0,54.4,48.8,781.9,2.5,0.63,0.63,0,0,0,0,0,1.26,1.25,3.13,1.25,2.5,26.9,0,1.88,0,0,0,1.88,1.88,0,0,0
Matt Targett,Newcastle Utd,27,10,4,426,0,0,0,0.21,0,25.8,0,0,60.2,46,753,3.4,1.06,0,1.49,2.77,1.49,2.77,0,1.7000000000000002,1.49,1.91,1.49,2.55,17,0,22.3,0,0,0,1.49,0.43,0,0,0
James Tarkowski,Everton,30,21,21,1890,0,1,0,0.71,0.29,9.4,0,0,50.6,42.7,857.6,2.95,0.1,0,0.38,0,0.48,0.52,0,5.430000000000001,1.38,2.76,1.19,10.8,33.1,1.57,2,0.19,0,0,0.95,0.62,0,0,0
Marcus Tavernier,Bournemouth,23,16,15,1311,0,2,0.27,1.78,0.62,17.4,0.14,0,35.1,24,385.6,1.37,0.55,0.21,1.03,2.74,1.17,2.33,0.48,2.06,0.27,0.89,1.51,1.64,10.1,3.01,21.5,0.07,0,0,0.82,1.78,0.27,0,0
Tetê,Leicester City,22,2,2,158,0,1,0,2.78,0.56,19,0,0,29.4,22.2,245,0.56,0,0,0,0,0,2.22,0.56,3.34,0.56,0.56,3.89,0,6.11,3.33,11.7,0,0,0,0,2.78,1.11,0,0
Kenny Tete,Fulham,27,17,16,1416,0,0,0.25,0.38,0.19,19.9,0,0,54.2,39.7,630.2,2.42,0.89,0.64,0.96,0,1.02,1.85,0.45,3.31,1.59,1.08,0.89,3.82,18.5,0.89,16.1,0.38,0,0,1.46,1.53,0,0,0
Luke Thomas,Leicester City,21,10,8,691,0.13,0,0,0.26,0,11.5,0,0,59.2,47.1,733.8,3.38,0.39,0.13,0.39,0,0.78,1.69,0.26,3.12,2.73,1.04,1.04,3.12,28.1,0.39,9.09,0.13,0,0,0.78,0.91,0,0,0
Youri Tielemans,Leicester City,25,21,19,1647,0,3,0.05,1.2,0.38,27.6,0.05,0.05,65.5,53.9,893.1,6.78,1.42,0.38,1.31,0.82,1.69,3.28,0.16,3.39,1.04,0.93,0.44,1.97,17.2,0.55,15.9,0.16,0,0,1.15,0.71,0,0,0
Kieran Tierney,Arsenal,25,15,4,469,0,0,0,0.96,0.38,25.2,0,0,58.1,42.9,794.6,4.62,1.15,0.19,0.58,0,0.77,1.73,0.38,1.92,1.73,0.38,1.92,2.69,15.2,1.15,22.5,0,0,0,0.77,0.77,0,0,0
Harry Toffolo,Nott'ham Forest,27,10,6,613,0,0,0,0.44,0,18.1,0,0,39.6,26.3,414.4,1.47,1.03,0.59,0.59,0.29,0.59,2.5,0,2.36,0.88,1.62,1.18,4.56,15.9,1.18,17.6,0,0,0,0.44,0.59,0,0,0.15
Takehiro Tomiyasu,Arsenal,24,16,4,512,0,0,0.18,0.18,0,11.5,0,0,60.2,50.2,874,5.79,1.05,0.35,0.7,0,0.8799999999999999,1.58,0.35,1.76,2.28,1.23,2.81,4.04,17.9,1.23,15.1,0.18,0,0,1.05,0.53,0,0,0
James Tomkins,Crystal Palace,33,4,2,247,0,1,0,0.74,0.37,14.2,0,0,50.4,41.1,777.8,0.37,0,0,0,0,0,0,0,1.48,1.11,1.48,2.22,8.15,41.1,0.37,1.48,0.74,0.37,0.37,0.74,0.37,0.37,0,0
Ivan Toney,Brentford,26,20,20,1789,0,14,0.15,2.76,1.01,14.5,0.25,0.2,24.9,14.6,183.6,1.71,0.9,0.2,0.95,0.05,1.2999999999999998,2.11,0.3,1.7,0.45,3.47,3.72,1.51,4.17,4.92,18.2,0.4,0,0,1.76,2.31,0.85,0.15,0
Adama Traoré,Wolves,27,19,7,900,0,1,0.1,1.3,0.3,14.9,0,0,30,19.6,284.6,1.1,1.3,0.8,1.3,0,1.5,2.7,0.3,1.2,0.1,2.5,1.2,0.7,5.8,3.1,22,0,0,0,0.8,1.8,0.3,0,0
Boubacar Traoré,Wolves,21,8,4,384,0,0,0.23,0.7,0,29.3,0,0,29.1,22.6,381.6,3.72,0.23,0,0.23,0,0.23,1.4,0.47,1.8699999999999999,1.63,1.63,1.86,1.4,8.6,0.47,6.05,0.47,0,0,2.33,0.47,0,0,0
Mark Travers,Bournemouth,23,11,10,945,0,0,0,0,0,0,0,0,30.9,23.2,687.7,0.38,0,0,0,0,0,0,0,0.2,0,0.29,0,31.2,33.6,0,0,0,0,0,0,0,0,0,0
Kieran Trippier,Newcastle Utd,32,22,22,1954,0,1,0.18,0.37,0.09,28.1,0.37,0,73.1,52.2,996.8,4.56,2.76,0.92,3,5.3,3.46,4.93,0.32,2.4,1.2,1.38,0.97,2.95,19.5,0.74,28.3,0.23,0,0,1.15,0.83,0.23,0,0.05
Leandro Trossard,Arsenal,28,3,0,70,0,1,0,5,2.5,15,0,0,50,37.5,577.5,0,5,0,1.25,6.25,1.25,5,0,0,0,0,0,0,2.5,8.75,51.3,0,0,0,2.5,0,0,0,0
Leandro Trossard,Brighton,28,16,16,1315,0,7,0.14,2.6,1.16,15,0,0,36.2,26,426.2,2.88,1.71,0.48,1.58,0,2.2,3.49,0.62,2.32,0.41,0.41,0.75,0.21,4.32,6.16,25.2,0.07,0,0,0.68,0.89,0.27,0.07,0
Kostas Tsimikas,Liverpool,26,13,5,446,0,0,0.6,1.4,0.4,15.5,0,0,72,55.2,952.2,2.2,1.2,0.6,2.6,4.4,2.6,3.8,0.6,2.4,1,1.2,1,3.4,18.4,3.8,37.6,0.2,0,0,0.8,0.8,0,0,0
Deniz Undav,Brighton,26,10,2,231,0,0,0,4.23,1.15,11,0,0,21.2,17.3,188.5,0.38,0.77,0,1.92,0,2.3,3.46,0,0.76,0,1.15,1.92,0.38,2.31,7.31,20.4,0,0,0,1.15,0.38,1.15,0,0
Yan Valery,Southampton,23,1,1,45,0,0,0,0,0,0,0,0,46,30,426,2,0,0,0,0,0,0,0,4,0,2,0,6,14,0,6,0,0,0,0,0,0,0,0
Virgil van Dijk,Liverpool,31,17,17,1485,0,2,0,1.09,0.3,12.6,0,0,80.3,71.5,1417.9,5.52,0.12,0,0.12,0,0.18,0.61,0.06,1.81,1.15,2.67,0.73,11.9,41.6,2.12,4.18,0.06,0,0,0.36,0,0.06,0,0.06
Raphaël Varane,Manchester Utd,29,17,15,1299,0.07,0,0,0.35,0.14,9.4,0,0,54.6,47.2,900.7,4.17,0.21,0,0.21,0,0.21,0.69,0,2.6399999999999997,0.63,1.74,0.76,7.71,30.1,0.9,2.29,0.07,0,0,0.63,0.14,0.14,0,0
Jamie Vardy,Leicester City,36,22,11,1175,0,1,0.31,1.22,0.53,12.5,0,0,12.5,6.64,97.3,0.53,0.31,0.08,0.69,0,0.7699999999999999,1.45,0.38,1.38,0.15,1.83,2.75,1.68,2.75,3.66,10.2,0.08,0,0,1.15,0.15,1.15,0,0
Joël Veltman,Brighton,31,19,15,1373,0,0,0.07,0.33,0.07,15.4,0,0,65.6,54.6,965,7.71,0.39,0.26,0.39,0,0.46,1.37,0.13,2.88,0.92,0.85,1.05,4.77,26.2,0.65,10.5,0.13,0,0,1.18,1.44,0,0,0.07
Fabio Vieira,Arsenal,22,12,1,274,0,1,0.33,2.33,0.67,21.7,0,0,47.3,37.7,567.3,4.33,1.33,0.33,1.33,0.33,1.33,3,0.67,0.66,1,0.33,0.33,1,5.33,2.67,25.7,0,0,0,1,0.33,0,0,0
Matías Viña,Bournemouth,25,1,0,10,0,0,0,0,0,0,0,0,10,10,160,0,0,0,0,0,0,0,0,0,0,0,0,0,10,0,0,0,0,0,0,0,0,0,0
Rúben Vinagre,Everton,23,2,0,26,0,0,0,0,0,0,0,0,80,50,743.3,6.67,0,0,0,0,0,0,0,0,0,0,3.33,3.33,23.3,0,30,0,0,0,0,10,0,0,0
Carlos Vinícius,Fulham,27,15,4,435,0,1,0,1.67,0.83,12,0,0,16,9.17,104.6,0.42,0.42,0,0.83,0,1.04,1.46,0.42,1.66,0,1.67,3.75,1.46,1.88,4.17,17.1,0.21,0,0,1.67,1.88,0.42,0,0
Theo Walcott,Southampton,33,4,1,139,0,0,0,2,0.67,24.2,0,0,20.7,14.7,182,2,0,0,1.33,0,1.33,3.33,0,0,0.67,0.67,0.67,0,4,2,18,0.67,0,0,1.33,0,2.67,0,0
Kyle Walker,Manchester City,32,11,10,793,0,0,0,0.34,0.11,24.7,0,0,96.9,84.9,1456,10.5,0.23,0.11,0.45,0,0.45,1.48,0.23,0.68,0.57,1.36,0.34,2.16,20,0.68,16.6,0.11,0,0,0.45,0.45,0,0,0
Kyle Walker-Peters,Southampton,25,16,16,1402,0,1,0,0.38,0.13,15.6,0,0,43.5,31.6,459.6,2.05,1.15,0.38,0.64,0,0.64,1.86,0.13,2.94,0.77,0.83,1.09,2.44,14.4,1.73,18.8,0.13,0,0,0.96,1.6,0,0,0
Aaron Wan-Bissaka,Manchester Utd,25,8,7,609,0,0,0,0.15,0,25.9,0,0,48.4,39.7,546.8,3.24,0.44,0.29,0.88,0,0.88,1.76,0.15,2.06,1.91,0.74,1.03,3.97,18.7,1.91,16.8,0,0,0,0.59,0.15,0,0,0
Danny Ward,Leicester City,29,22,22,1980,0,0,0,0,0,0,0,0,37,27.4,651.5,0.27,0,0,0,0,0,0.09,0,0,0,0.14,0,31.8,38.9,0,0,0,0,0,0,0.18,0,0,0
Joel Ward,Crystal Palace,33,16,14,1295,0,0,0,0.07,0,16.3,0,0,46.5,34.8,568.1,2.57,0.21,0.07,0.14,0,0.14,0.49,0,2.92,1.04,1.94,1.25,5.63,23.7,0.76,10.3,0.28,0,0,1.25,0.49,0,0,0
James Ward-Prowse,Southampton,28,22,22,1980,0.05,5,0.09,1.09,0.41,25.6,0.41,0,57.7,43.7,755.9,4.68,0.82,0.36,2.14,4.09,2.19,3.5,0.23,1.19,1.23,1.68,1.18,2,11.1,0.77,19.8,0.14,0,0,0.95,0.45,0,0,0
Ollie Watkins,Aston Villa,27,20,19,1628,0,5,0.22,2.38,1.1,11.5,0,0,18.3,12.9,159.6,1.16,0.44,0.06,0.88,0,0.88,2.49,0.5,1.54,0.33,2.15,3.37,0.99,2.6,4.81,15,0.06,0,0,0.66,1.16,0.55,0,0
Adam Webster,Brighton,28,16,14,1248,0.07,0,0,1.01,0.07,11.4,0,0,71.6,62.5,1172.4,5.4,0.29,0.07,0.14,0,0.14,0.72,0.07,2.59,1.08,2.73,1.22,7.05,35.3,1.22,5.76,0.07,0,0,0.5,0.29,0,0,0
Wout Weghorst,Manchester Utd,30,4,4,274,0,0,0,0.67,0.33,10.1,0,0,20.7,14,165,0.33,0,0,1.67,0,1.67,3,0.33,2,1.67,1.33,2.67,2,4.67,3,10.3,0,0,0,1,1,0.67,0,0
Danny Welbeck,Brighton,32,16,13,1142,0,1,0.16,2.52,0.94,12.9,0,0,17.5,14.4,167.7,1.18,0.55,0,1.26,0,1.57,2.36,0.55,1.58,0.24,1.89,1.73,0.94,1.73,5.2,18.1,0,0,0,1.42,0.63,0.24,0.08,0
Ben White,Arsenal,25,21,21,1683,0,0,0.11,0.27,0,19.5,0,0,65.6,54.8,944.5,7.38,1.28,0.43,0.8,0,0.9600000000000001,2.19,0.37,2.88,0.64,1.07,1.12,2.57,16.3,1.23,20.1,0.21,0,0,0.7,0.8,0,0,0
Harvey White,Tottenham,21,1,0,5,0,0,0,0,0,0,0,0,80,30,540,0,10,10,0,20,10,0,0,0,0,10,0,0,0,0,40,0,0,0,0,0,0,0,0
Neco Williams,Nott'ham Forest,21,21,13,1215,0,0,0,1.48,0.37,21.7,0.15,0,45.1,28.8,516.9,1.26,0.89,0.59,0.89,0.96,1.11,2.07,0.15,3.12,2.15,0.81,1.11,4.15,23,1.19,17,0.3,0,0,1.48,0.96,0.07,0,0
Willian,Fulham,34,16,14,1205,0,3,0.15,1.72,0.82,16.4,0,0,37.7,29.9,506.6,1.87,1.42,0.07,1.87,1.04,2.0900000000000003,4.48,0.6,1.2,0.52,0.45,0.82,0.3,5.6,3.28,25.2,0,0,0,0.37,1.12,0.15,0,0
Joe Willock,Newcastle Utd,23,22,20,1599,0,2,0.11,1.8,0.51,17.6,0,0,34.7,28,436.1,3.03,0.79,0.28,1.07,0,1.1300000000000001,2.58,0.17,4.6,0.73,0.62,0.67,1.91,7.98,3.88,19.8,0.06,0,0,1.4,0.67,0.17,0,0
Callum Wilson,Newcastle Utd,30,16,14,1128,0,7,0.24,3.28,1.36,12.3,0,0.08,11.6,8.24,99.1,0.64,0.32,0,0.96,0,1.04,1.84,0.4,0.16,0.08,1.12,2.56,0.4,1.2,5.76,12.7,0.24,0,0,1.2,1.36,0.96,0,0
Harry Wilson,Fulham,25,14,3,353,0,0,0,2.05,0.26,15.1,0,0,40.5,30.5,457.9,1.79,1.03,0,0.51,0.77,0.51,1.28,0.26,2.56,0.26,0.77,0.51,1.54,8.46,3.33,25.1,0.26,0,0,1.28,1.03,0.26,0.26,0
Yoane Wissa,Brentford,26,22,9,937,0,4,0.19,2.02,0.77,14.5,0,0,20,14.2,187.4,1.54,0.58,0,0.77,0,1.15,2.21,0.48,0.76,0.38,0.96,1.25,1.06,4.23,3.27,15.3,0.19,0,0,0.87,1.15,0.96,0.1,0
Maximilian Wöber,Leeds United,25,4,3,295,0,0,0,1.21,0,17.6,0.3,0,63.9,46.4,868.5,6.06,0,0,0.3,0,0.3,0.91,0,4.24,1.52,1.82,0.91,5.45,28.2,1.52,6.36,0.3,0,0,0.61,0,0,0,0
Chris Wood,Newcastle Utd,31,18,4,446,0,2,0,1.6,0.6,14.7,0,0.2,21.2,13.2,157.2,0.6,0.2,0,0.6,0,0.6,1,0,0.8,0.2,4.6,4.6,1.6,3.8,3.2,12,0,0,0,0.8,0.8,0.6,0,0
Chris Wood,Nott'ham Forest,31,3,3,208,0,0,0,0.43,0,12.9,0,0,16.1,8.26,113.9,1.74,0,0,0.87,0,1.3,1.74,0,1.73,0.43,3.91,5.65,0.87,2.17,2.17,6.52,0,0,0,0,1.3,0.87,0,0
Joe Worrall,Nott'ham Forest,26,17,12,1251,0,0,0,0.29,0,15.1,0,0,52,41.7,872.8,3.67,0.14,0,0.14,0,0.14,0.58,0,2.44,1.08,2.09,0.79,7.77,34.8,0.79,3.17,0.36,0,0,1.37,0.14,0,0,0.07
Granit Xhaka,Arsenal,30,21,21,1786,0,3,0.25,1.21,0.25,19,0.15,0,50.7,42.9,694.6,4.75,1.21,0.1,1.82,0,2.02,3.69,0.45,2.02,0.45,1.06,0.86,2.98,9.9,3.59,21.6,0.15,0,0,0.81,1.16,0.1,0,0
Ryan Yates,Nott'ham Forest,25,18,16,1392,0,0,0.06,1.61,0.32,16.9,0,0,30.9,24.1,412.6,1.42,0.13,0,0.39,0,0.39,1.29,0.13,2.84,0.45,1.74,1.1,3.16,11.7,2,7.55,0.26,0,0,2.39,2.71,0.06,0.06,0
Ashley Young,Aston Villa,37,17,13,1192,0,1,0,0.61,0.15,27.2,0,0,55.9,41.6,733.3,3.33,0.98,0.3,0.76,0.38,0.91,2.27,0.08,2.58,1.06,0.68,0.53,3.64,23.3,0.3,12,0.23,0,0,1.06,0.83,0,0,0.08
Wilfried Zaha,Crystal Palace,30,19,19,1661,0,6,0.11,2.11,0.86,17.6,0,0,24.9,19.9,272.1,0.7,1.35,0.11,1.14,0,1.25,3.41,0.32,1.94,0.7,0.27,0.7,0.54,4.32,4.92,21,0.16,0,0,1.14,3.08,0.49,0.05,0
Denis Zakaria,Chelsea,26,4,4,286,0,0,0,0.63,0,16.9,0,0,43.1,38.8,534.7,0.94,0,0,0,0,0.31,0.63,0,1.26,0.63,0,0.31,2.19,15,0.63,10.6,0,0,0,0.63,0.31,0,0,0
Jordan Zemura,Bournemouth,23,16,14,1217,0,0,0.07,0.3,0,12.9,0,0,37.5,26.6,383.3,2.15,0.74,0.3,1.26,0,1.26,2.22,0.07,3.5599999999999996,0.96,0.44,0.74,3.04,18.5,2.22,14.1,0.07,0,0,1.04,0.81,0,0,0.07
Oleksandr Zinchenko,Arsenal,26,14,13,1081,0,0,0.08,1.25,0.25,21.4,0,0,78.1,68.1,1106,8.17,1.75,0.25,0.75,0,0.75,2.08,0.08,2.16,0.75,1.75,0.58,2.75,16.8,1.58,26.8,0.17,0,0,0.17,0.75,0,0,0
Hakim Ziyech,Chelsea,29,12,5,511,0,0,0.18,1.93,0.35,20.3,0,0,53.9,33.9,565.1,2.63,2.28,1.05,1.75,2.81,2.45,3.68,0.18,1.4,0.7,0,0.53,1.4,10.2,1.75,32.5,0,0,0,1.4,2.11,0.53,0,0
Kurt Zouma,West Ham,28,15,15,1274,0,1,0,0.77,0.21,10.8,0,0,43,36.8,712.2,0.63,0.14,0,0,0,0,0.28,0.14,0.98,0.92,2.61,0.35,11.5,32.7,0.99,1.27,0,0,0,0.49,0.28,0,0,0
Martin Ødegaard,Arsenal,24,20,20,1684,0,8,0.27,2.73,0.86,18.9,0.27,0,48.4,38.3,595.1,3.53,2.51,0.11,2.3,0.59,3.0999999999999996,5.08,0.64,0.96,0.16,0.48,0.7,0.86,5.61,4.06,28.2,0.16,0,0,1.02,0.8,0.05,0,0
